cluster,,,50,50,50,50,50,50,50,50,50,50,50,50,50,50,50,50,50,50,50
opt,,,lv1.253H-T-H-B-I-A-dist1,lv1.253H-T-H-B-I-A-dist1,lv1.253H-T-H-B-I-A-dist1,lv1.253H-T-H-B-I-A-dist1,lv1.253H-T-H-B-I-A-dist1,lv1.253H-T-H-B-I-A-dist1,lv1.253H-T-H-B-I-A-dist1,lv1.253H-T-H-B-I-A-dist1,lv1.253H-T-H-B-I-A-dist1,lv1.253H-T-H-B-I-A-dist1,lv1.253H-T-H-B-I-A-dist1,lv1.253H-T-H-B-I-A-dist1,lv1.253H-T-H-B-I-A-dist1,lv1.253H-T-H-B-I-A-dist1,lv1.253H-T-H-B-I-A-dist1,lv1.253H-T-H-B-I-A-dist1,lv1.253H-T-H-B-I-A-dist1,lv1.253H-T-H-B-I-A-dist1,lv1.253H-T-H-B-I-A-dist1
planning_horizon,,,2030,2030,2030,2030,2030,2030,2030,2030,2030,2030,2030,2030,2030,2030,2030,2030,2030,2030,2030
tyndp_scenario,,,free,free,free,free,free,free,free,free,free,free,free,free,free,free,free,free,free,free,free
wiggle,,,0,250,500,750,1000,1250,1500,1750,2000,2250,2500,2750,3000,3250,3500,3750,4000,4250,4500
cost,component,carrier,,,,,,,,,,,,,,,,,,,
capital,Generator,Offshore Wind (AC),23628384206.59845,22096119373.69671,20946275857.76172,19440532913.74664,17845493511.08818,16912888295.34356,16273565662.99035,15250148551.17787,14023126096.71876,13637618806.32823,12687393856.73338,12130071701.60313,10740597581.56038,10648552974.78767,10648602815.14438,10648571902.19464,10648504140.2321,10586481277.41924,10228756933.76709
capital,Generator,Offshore Wind (DC),41108797532.12168,40175085298.36207,37638431568.21871,34184040219.09304,31067272097.48225,27615732301.32366,26379518282.5279,23933744630.46061,22175088234.58373,21133202396.7419,19545285244.45897,17278915263.85454,13713582904.57256,9448964722.66378,6992173473.55953,5668959006.8744,4513744303.28727,3563485753.86576,1305820361.71782
capital,Generator,Offshore Wind (Floating),139597.61495,160173.23044,131353.57053,153091.68553,177624.31784,150630.39524,149320.29464,145464.87539,140170.81136,135393.27455,120400.25005,112286.23695,117436.69728,113224.3767,121940.53223,96357.92422,96421.37948,114883.19617,113551.40989
capital,Generator,Onshore Wind,55579098478.57066,50953293447.15345,45867699599.01749,43245878334.24576,40581873633.97082,37584436197.3912,36171894496.41321,34333448810.71975,32856366793.43863,32663438376.43672,31540647995.83966,31130793268.2619,31711236393.33339,32533018042.26744,32738407077.42319,31881222153.02086,30841548550.28269,30150704013.33476,29145446680.8603
capital,Generator,Run of River,14731877853.69473,14731877853.69473,14731877853.69473,14731877853.69473,14731877853.69473,14731877853.69473,14731877853.69473,14731877853.69473,14731877853.69473,14731877853.69473,14731877853.69473,14731877853.69473,14731877853.69473,14731877853.69473,14731877853.69473,14731877853.69473,14731877853.69473,14731877853.69473,14731877853.69473
capital,Generator,Solar,6359489229.20036,6359491283.98056,6359486912.97938,6359487647.53336,6359504318.28741,6359517026.27724,6359502869.43705,6359504694.6997,6359492826.46331,6359494154.67323,6359491728.04564,6359488733.71015,6359483779.92854,6359484434.11073,6359490039.09268,6359481666.9597,6359488292.63673,6359486599.02622,6359522504.5617
capital,Generator,rural solar thermal,28304.17272,36578.38855,42498.31319,42262.82155,44965.41853,40483.28299,39466.55728,37934.67837,37947.39195,35699.35387,35160.94759,32662.13168,34247.07135,35453.34576,40382.35426,32971.77786,32489.82795,37182.88661,40022.79913
capital,Generator,solar-hsat,53853557337.18059,48965842943.45708,45026848699.38854,44472816925.89541,43081247531.72223,42027002072.91648,40527939065.1807,37934764716.7992,35742171548.44292,34133678201.32414,31487462777.32906,30180232688.6346,28351719976.06112,26793029532.46314,25665394706.45282,24452463352.90242,23033473080.01938,21487750449.53457,19493083015.42224
capital,Generator,urban central solar thermal,59052.69865,71616.54605,68427.34996,89527.64849,109786.32935,94512.55277,91423.47128,89586.41163,91104.71164,96563.49145,89211.40855,75450.59725,73266.87621,65670.01769,71920.2961,56460.17922,57312.09781,74216.54108,69634.65772
capital,Generator,urban decentral solar thermal,265840061.03334,426177423.15748,202812991.83816,107405353.22734,33627712.98394,144563137.912,56896.1964,45300.6476,42256.33179,38974.32441,33763.16016,31340.70631,31920.80702,31559.69961,33049.70079,26421.4436,25803.9287,30099.37989,29810.16166
capital,Line,AC,7417196279.15542,7417196279.15542,7417196279.15542,7417196279.15542,7417196279.15542,7417196279.15542,7417196279.15542,7417196279.15542,7417196279.15542,7417196279.15542,7417196279.15542,7417196279.15542,7417196279.15542,7417196279.15542,7417196279.15542,7417196279.15542,7417196279.15542,7417196279.15542,7417196279.15542
capital,Link,BOF,15784847291.13395,15784842687.94521,15784840617.24638,15784834272.98449,15784813759.06383,15784815798.90422,15784809881.57242,15784799978.483,15784796840.27936,15784784297.22759,15784785305.45789,15784785284.11306,15784760082.82828,15784761248.05151,15784718158.17774,15784717381.09391,15784698985.71967,15784589005.29268,15784419269.0603
capital,Link,CO2 pipeline,375686807.36194,262063094.9601,179441193.17053,154713329.96467,47977843.92896,7443459.51666,380511.87712,378209.89556,2547921.2091,11124261.82517,11205110.69694,11151690.67077,11500174.18226,15425918.15784,22081739.2292,24447156.45324,24736693.16045,25614574.59979,43730295.89821
capital,Link,Combined-Cycle Gas,20531261197.02416,20531270724.72726,20531297868.7381,20544348922.66873,20575299165.83821,20548874238.85697,20559130481.92101,20537152807.82651,20531301037.82299,20531289849.24868,20531272825.22648,20531273935.47109,20531276586.28553,20531274033.6839,20531279045.79383,20531268978.67576,20531269923.43597,20531271233.79012,20531298858.97453
capital,Link,DC,1508484281.03494,1508484281.03494,1508484281.03494,1508484281.03494,1508484281.03494,1508484281.03494,1508484281.03494,1508484281.03494,1508484281.03494,1508484281.03494,1508484281.03494,1508484281.03494,1508484281.03494,1508484281.03494,1508484281.03494,1508484281.03494,1508484281.03494,1508484281.03494,1508484281.03494
capital,Link,EAF,40849.26069,47276.6418,42410.55423,51577.09512,66641.76801,58183.67095,62383.56611,66027.35533,67916.35561,70750.29547,66641.61929,64663.61191,77977.34834,78258.0138,99534.18207,90256.72008,97945.25241,151832.44488,223592.16896
capital,Link,H2 DRI,37312.07581,42190.87505,37070.26081,43183.06836,52353.13702,45201.3969,47600.92869,48442.44047,49134.7276,48794.58991,45025.9224,42902.94462,47672.82266,46333.55077,52477.97485,43162.96991,43991.12927,56269.53729,62797.29735
capital,Link,H2 Electrolysis,23855851271.26644,17558476635.01353,10435621855.28348,8084395915.22761,4795476973.38249,349654001.01645,328191.97061,166252.81509,143252.55687,130148.65215,111697.39278,99660.9351,101090.12515,96798.2952,104165.23595,82736.62918,82043.2833,98970.7716,100650.6386
capital,Link,Haber-Bosch,1995312247.02184,1959380943.8996,1856191760.86573,1825024715.20925,1700766901.12003,1617036457.7532,1609140903.86327,1609138438.99108,1609138469.56341,1609133913.59053,1609126829.65116,1609122841.23694,1609127804.84557,1609129547.5601,1609275471.92658,1609337271.60676,1609338532.09614,1609262440.8699,1609258826.9469
capital,Link,OCGT methanol,56893.32155,64503.23356,56860.35858,65671.679,74345.06442,64111.19411,66768.14931,66306.7692,67195.21032,64050.36578,59154.24204,56449.59769,60322.81019,60649.05609,66761.80816,53908.11126,54321.35089,64159.00233,65857.72081
capital,Link,Open-Cycle Gas,1168149.00228,1175999.64877,1169265.92594,1186768.59206,8872635.65685,18645916.38627,12095244.87685,11009964.81436,6844131.32727,2599171.18609,1691916.08627,5721676.68911,15875835.75242,26953004.13364,24696849.77724,14357854.80505,14744724.20943,26504089.61328,56889051.90772
capital,Link,SMR,64605812.0812,7197518.71251,125438.57687,854493.61958,832040783.20179,1829502913.78322,1906576835.37099,1906535151.37419,1906573876.09957,1906527262.04202,1906514492.46447,1906517102.12211,1906656372.26183,1906771032.59381,1906844543.32802,1907024011.23975,1906743562.65093,1906707168.98212,1906779998.44897
capital,Link,Sabatier,434142319.54571,55886.17756,33676.37276,34886.34467,41762.72419,37377.102,40860.06882,42551.79157,45965.26234,44095.21106,39087.96274,39373.04682,41549.19661,37790.19571,43419.70263,33218.08312,38421.80115,44278.14261,51853.21046
capital,Link,ammonia cracker,82620.24146,77574.51467,65053.04793,73632.14088,82654.67772,71696.21837,74852.75109,74876.9052,76323.99658,72901.27458,67672.59613,64945.76737,69804.29452,71106.51095,76825.22559,61992.37967,61927.1526,75306.25009,77400.71315
capital,Link,battery charger,2226793220.10454,1948380805.737,1778525993.07076,1667530230.67453,1563204975.20645,1547143133.821,1323152047.35037,1020348475.43422,772695312.83104,473667527.44274,64841271.36938,228405.89876,203791.44809,187422.08578,211273.41951,166355.13169,163109.8694,197417.0461,205627.63532
capital,Link,biogas to gas,8279970197.82446,8279976343.0915,8279968969.12308,8279977626.56755,8279986139.47567,8279976092.25753,8279978429.58987,8279977723.8496,8071675503.80727,5538952988.23761,5538667387.87126,3123494004.6754,3123222657.29175,3123139965.14508,3123168180.99229,3123108247.84645,3123107968.70911,3123137918.77365,3123126505.71172
capital,Link,biomass to liquid,118257.12957,266802313.97298,34395366.56513,167374.81459,419726353.89174,423925033.44394,445392092.13286,538955923.04277,789758196.65045,859436210.89942,1112972583.34785,1280731097.29604,1979205310.9602,3135342135.2565,4844419680.26653,5695382337.23891,6105493009.53069,6422696743.54169,6692141009.26198
capital,Link,biomass-to-methanol,1358923414.30946,365186215.57604,1401592463.39327,2190779759.19246,1884748.96536,333703.34391,223089.79787,189080.07583,179674.31847,168331.08299,136680.78551,126006.84028,133081.10371,127438.001,134725.46554,107804.53638,114618.69894,135830.64149,135970.21648
capital,Link,coal,20296280389.13643,20296285875.88247,20296277162.22217,20296301618.65676,20296323618.54935,20296301028.36121,20296298128.50001,20296303152.66576,20296295889.85624,20296294914.62856,20296278446.76685,20296267908.05075,20296280207.53996,20296273448.74566,20296287316.88538,20296269477.21863,20296277410.9743,20296273522.96295,20296287723.26407
capital,Link,electricity distribution grid,32871981133.19569,32111800899.03372,31686733576.44181,30816929354.22605,30126872159.74966,29817252593.4296,29427540843.47318,28598136689.68438,28023319662.64668,27881843964.6183,27531785411.42588,27363208491.74172,27347004760.2661,27355539754.84458,27294406108.50758,27296978797.71325,27321668622.36636,27380403573.95734,27404888143.37415
capital,Link,gas DRI,36158.33629,41533.38943,37636.86136,46098.5084,58326.85518,51094.66818,54663.38591,57807.54195,59673.01926,61923.11331,58720.82708,57369.45801,69793.3642,71843.26824,92538.6937,85357.64228,93493.84962,148835.55147,226616.819
capital,Link,gas pipeline,865535209.23276,865535209.23276,865535209.23276,865535209.23276,865535209.23276,865535209.23276,865535209.23276,865535209.23276,865535209.23276,865535209.23276,865535209.23276,865535209.23276,865535209.23276,865535209.23276,865535209.23276,865535209.23276,865535209.23276,865535209.23276,865535209.23276
capital,Link,gas pipeline new,40136090.49837,13038416.614,16228133.90433,17627786.84172,54113935.06596,66540217.13202,80298034.28256,88615847.81161,100417682.08028,106872328.16485,111560977.02345,127924407.78013,155812826.76572,192090621.53242,231341907.84227,295414515.29153,443521837.1837,523450014.83566,583993378.48575
capital,Link,heat100-200 industry electric boiler steam,11426.21614,15579.07395,12807.1492,17425.8223,24523.31395,18516.18989,16689.06257,20369.6045,17517.20254,20136.02311,17095.62659,17338.77177,19567.7011,14431.98708,22076.14273,15287.7095,17525.3969,23258.89627,25755.87505
capital,Link,heat100-200 industry gas,236716879.44777,236717289.29239,236717222.81488,236717780.6433,236718515.54322,236718291.13434,236718495.51513,236718916.12881,236718241.41518,236719023.77231,236718042.76691,236717841.2161,236717767.30314,236717115.43573,236718008.45856,240669884.88676,245833891.75947,249276737.54396,254516251.4791
capital,Link,heat100-200 industry industrial heat pump high temperature,4536516411.08261,4539617934.99433,4526889127.74822,4503888508.58972,4478232777.14131,4474049519.3394,4455594838.60087,4405110041.85318,4364250878.47766,4297126358.6261,4274541228.6936,4242513378.58936,4299945670.18247,4513660851.46369,4171652692.83918,3076787094.89303,1857567443.41791,216513485.24142,4590462.34886
capital,Link,heat100-200 industry solid biomass,74712738.70643,72160437.66677,82610098.01352,101506261.97322,122562915.14176,125995622.85898,141143820.91469,182613209.28255,216160191.84109,271291522.62971,289838557.97254,316136556.42204,268954124.46015,93394710.44535,80464834.08294,163343.59209,139532.5276,147530.70146,101832.77878
capital,Link,heat200-500 industry gas,24262872.00423,24262824.94919,24262713.86423,24263188.07379,24263131.65423,24262897.10749,24264223.41941,24267015.59624,24274025.25141,24273527.35568,24272993.36797,24272928.73823,24274016.42156,24273903.40259,24292376.32277,24304268.05821,24307954.45781,24319785.21853,24322341.24433
capital,Link,heat200-500 industry hydrogen,1913.73636,2471.33241,2217.4739,3051.65284,4430.24984,3740.16854,3864.03662,5247.9106,4526.39293,5660.63225,5058.05993,5101.23058,6099.82192,4860.78266,8388.82869,5173.98664,6224.37495,8700.79003,9290.50194
capital,Link,heat200-500 industry solid biomass,365183013.62632,365185321.52623,365179832.45741,365186758.08028,365175733.12177,365169592.71804,364246313.07455,337755107.55946,278066189.87397,278052135.45252,277997941.96882,277963148.28157,251038853.21478,181765489.96794,47419545.33224,12149955.7834,62838.60095,50518.77429,36864.36836
capital,Link,heat<100 industry electric boiler steam,11655.95856,15642.33253,12910.5678,17623.38086,25075.69815,18522.3593,16233.77199,20273.40793,16981.02276,19866.15894,16838.02504,17133.37047,19365.39682,14175.23188,22250.4016,15022.56843,18003.66353,23093.24183,25022.23803
capital,Link,heat<100 industry gas,189637759.70844,189638254.24765,189638045.55111,189638697.93855,189639496.01348,189639377.59023,189639432.41363,189639217.76315,189638877.24253,189639027.40207,189639308.31661,189638602.49226,189638532.00679,189638082.88399,190199216.9198,195315882.66475,198105110.77748,202696756.8106,203946401.60157
capital,Link,heat<100 industry industrial heat pump medium temperature,3046178020.63132,3041040550.15997,3001732700.45384,2957758972.25223,2955591592.47351,2951353261.57454,2925086189.65969,2840434074.98847,2786234901.9589,2775075401.63631,2753914080.12638,2746500100.75943,2662709698.98741,2435917600.48125,2057448036.77809,1459376269.33002,606107263.82549,37208558.87434,1299131.96496
capital,Link,heat<100 industry solid biomass,204013564.85897,208765033.52278,245395445.3314,286404672.16664,288406989.16959,292357121.53184,316841585.583,395788474.62069,446321231.71144,456730864.88742,476463590.95395,483371883.34896,561492200.02691,643590265.64498,189539002.81007,84581179.33837,172744.62173,147901.23203,100735.96805
capital,Link,heat>500 industry gas,19039473.33399,38373830.7256,61275550.05969,65145140.52041,65134751.61156,65132522.43501,65126817.72397,65135739.85684,65131211.93624,65135746.11482,65136177.97288,65136151.62154,65138681.37934,65134649.52904,65142544.22853,65135565.5707,65137026.86025,65140968.45494,65136026.49233
capital,Link,heat>500 industry hydrogen,469331408.99849,295599114.60082,47418091.33411,6524.34988,8391.24173,6524.46721,6112.38192,7911.55079,6639.54086,7723.27062,6435.74344,6252.42372,7078.0802,5130.64563,8122.99603,5256.83683,6293.1284,8232.82052,9454.83601
capital,Link,home battery charger,1865141.83742,920164.07864,2241475.79956,4873778.85967,5705696.49144,6404820.21767,8947089.58066,29704833.53079,33610062.49021,32039672.42701,18204165.9374,4009120.11261,1051534.26224,666976.53758,414504.91301,284390.97105,272259.35287,286681.78967,289953.56981
capital,Link,lignite,17957023698.97004,17957030907.85671,17957020014.87164,17957039788.66767,17957045863.36516,17957035762.17692,17957035771.12268,17957037783.68212,17957027069.44156,17957048109.25194,17957014446.48533,17957020093.24562,17957013128.63655,17957018341.00264,17957020137.3064,17957005749.89337,17957006047.00207,17957014850.83307,17957028234.84318
capital,Link,methanolisation,686589491.11695,841234749.13174,711709607.90256,607649231.6144,778681117.4893,757279720.6077,754121627.85173,754037562.87124,754071428.47668,754013168.11438,753997119.06902,753998482.79912,754106093.56802,754210868.83439,754170308.32673,754310806.43461,754057143.67115,754054210.54135,754109477.04725
capital,Link,nuclear,76509097852.66687,76509097852.66687,76509097852.66687,76509097852.66687,76509097852.66687,76509097852.66687,76509097852.66687,76509097852.66687,76509097852.66687,76509097852.66687,76509097852.66687,76509097852.66687,76509097852.66687,76509097852.66687,76509097852.66687,76509097852.66687,76509097852.66687,76509097852.66687,76509097852.66687
capital,Link,oil,66969.34294,96031.29094,2361293.04303,70398.45935,76364.58307,65393.71421,67620.09317,66736.80534,67464.35967,64261.63504,59261.12742,56477.76895,60176.76185,60336.31116,66567.03213,53801.93385,54279.51537,63569.04745,65122.74182
capital,Link,rural air heat pump,327385.34414,344749.97591,319418.93946,375483.04323,386406.93073,370649.16032,364536.62125,362836.62225,367075.84514,340889.25003,318866.60315,301361.05211,317582.97112,307761.40573,324913.58176,264643.31341,245779.16615,303676.97194,303746.70161
capital,Link,rural biomass boiler,9375461767.42518,9375523499.1844,9375376105.03202,9367494636.72648,9371350051.24049,9350479432.6706,8997582109.4946,8550279851.81564,8177358623.76232,8176244359.12817,8175826698.97567,8175762056.93205,8175741524.18453,8175723542.5507,8175734043.90872,8175706354.35254,8175723160.60439,8175725272.66425,8175723809.2673
capital,Link,rural gas boiler,11199515676.06345,11199519138.88196,11199519005.11269,11199536140.70274,11199910994.01079,11215439802.01804,11380787205.39438,11589902332.69533,11768611892.56893,11771694982.82699,11776556231.60247,11780132570.19136,11792770606.03297,11800461478.62887,11801309400.28272,11799873839.09295,11795930477.77059,11791601491.47067,11796255922.16095
capital,Link,rural ground heat pump,29277642135.35165,27411466205.586,21394360225.9734,12628724827.94379,12254387074.48967,11486206067.45452,10869394874.99682,10857162375.65622,10516242353.48226,9881887213.68268,9469261327.96098,9420390795.43272,8586409608.26625,8246137139.54946,8385020349.1363,8324107576.51399,8211900640.5766,8017966800.14497,7903597960.20455
capital,Link,rural oil boiler,1283100906.1847,1283100906.1847,1283100906.1847,1283100906.1847,1283100906.1847,1283100906.1847,1283100906.1847,1283100906.1847,1283100906.1847,1283100906.1847,1283100906.1847,1283100906.1847,1283100906.1847,1283100906.1847,1283100906.1847,1283100906.1847,1283100906.1847,1283100906.1847,1283100906.1847
capital,Link,rural resistive heater,488274817.06506,513757437.16378,607145590.1807,650082547.37148,625242829.96051,616466023.82855,612832752.04897,602010030.81057,604539793.47287,610960294.39324,571167712.77613,553876950.57346,546933185.3551,538581382.64034,536517948.23783,536639960.32893,532457999.41147,532613338.59409,532367727.54956
capital,Link,urban central air heat pump,1471150686.78767,1678835388.13288,1995182768.50961,2512374357.88222,2562801302.84686,2650193083.7512,2577805251.17377,2152718287.0878,1677667764.59658,1460134383.4716,1051800839.12167,731029526.43371,373124884.15473,173879385.81318,124477911.74167,96911222.71703,87480716.51435,109797124.64456,90787656.29761
capital,Link,urban central gas CHP,62234.66999,70996.22848,63332.55562,77287.18808,102961.0698,95142.38375,325963.1168,2633224.34378,4763153.60843,4969208.0883,5167639.82835,4778840.42105,6605128.75164,44752066.10008,38159449.93998,59918290.72581,96273475.49381,130373132.7459,320815781.6514
capital,Link,urban central gas boiler,589216471.54542,674581358.05033,776352358.73274,903793583.85012,992525807.9456,1045504506.25537,1129791081.64689,1231665947.94143,1307718949.69088,1346517595.48,1410161720.41543,1449994191.5529,1525626642.69722,1583576703.33346,1603072136.06322,1626383555.93497,1640460763.57531,1654384572.24483,1657954517.10857
capital,Link,urban central resistive heater,380564849.53905,331735660.0156,292442259.90383,247625270.63061,221036843.71428,201163869.94094,178659265.93549,145168378.45828,122940448.15095,116091326.21425,100076290.5775,94773901.30606,79032698.85742,68615733.36431,63850714.48305,53629804.62472,44792769.87121,38106257.48908,25985187.4145
capital,Link,urban central solid biomass CHP,15033590540.96942,14287073516.95778,12852281437.10778,10552631704.91745,9013254539.4465,8175802799.47497,6880991848.18462,5412006993.6788,4590076618.03233,4074472953.34247,3450045051.95683,2977577880.20266,1837578784.32724,697814449.68012,477354011.71517,248434335.89111,188435693.83648,37373155.02379,196879.22023
capital,Link,urban central solid biomass CHP CC,2540291879.54999,1988741610.09137,1688939526.26481,1424130332.81651,1838225104.38967,1816736457.13561,1838889390.76049,2018678345.242,2078476346.38793,2164660928.07382,2209159082.84465,2340018194.85854,2630448198.6002,3159451515.44041,3074435960.39469,2813072751.02513,2519560434.77152,2244123519.92344,1784136391.31153
capital,Link,urban decentral air heat pump,24307447268.6702,23178408510.72251,22617342060.15666,22311788059.40196,21761400464.88217,21046050715.50382,20652753010.88719,20652748612.54454,20652746770.49404,20652742870.96472,20652741143.89287,20652740402.81346,20652742931.28453,20652740017.2719,20652741685.90864,20652733850.18074,20652730323.43434,20652737491.99117,20652736050.66626
capital,Link,urban decentral biomass boiler,15182537094.55954,15182532348.40559,15182524467.21587,15170238209.82001,15007451690.92525,14818806736.19672,14344687757.28687,14297025191.61674,14016671447.02093,13821141428.32457,13781983886.51366,13781928608.70568,13778300145.25096,13778209956.8295,13778219003.26592,13778190450.34656,13778206519.77785,13778209283.90764,13778207452.04422
capital,Link,urban decentral gas boiler,28891906091.74936,28891909678.409,28891909713.40838,28898074235.65937,28963571558.28144,29036682922.22026,29275993804.39228,29394223320.80054,29617807296.81216,29758993009.59228,29851450000.15332,29882591803.53826,29925872482.08006,29954598890.92951,29961586080.3147,29962318821.15964,29957312019.34023,29947925624.41234,29950308519.76834
capital,Link,urban decentral oil boiler,2788316961.51102,2788316961.51102,2788316961.51102,2788316961.51102,2788316961.51102,2788316961.51102,2788316961.51102,2788316961.51102,2788316961.51102,2788316961.51102,2788316961.51102,2788316961.51102,2788316961.51102,2788316961.51102,2788316961.51102,2788316961.51102,2788316961.51102,2788316961.51102,2788316961.51102
capital,Link,urban decentral resistive heater,2291144309.4841,2120230054.11946,1931923431.7784,1733482170.23368,1618135214.44152,1597367814.21156,1540444496.16382,1435437510.72549,1370636513.22661,1346883380.70517,1303024317.41939,1290148796.0394,1280458067.36218,1276571300.07389,1276092782.23456,1276137621.83685,1276345750.54728,1276271978.07342,1275714239.67204
capital,Link,waste CHP,213696.48884,10595040.24758,49021118.83939,260224.25667,266377.08713,215534.82138,199980.69246,173785.45533,160181.62608,150296.35398,128927.04106,115189.90418,119144.1463,109393.66917,118098.82737,95645.36977,95423.35852,112933.29,114964.74172
capital,StorageUnit,Pumped Hydro Storage,10196441142.68939,10196441142.68939,10196441142.68939,10196441142.68939,10196441142.68939,10196441142.68939,10196441142.68939,10196441142.68939,10196441142.68939,10196441142.68939,10196441142.68939,10196441142.68939,10196441142.68939,10196441142.68939,10196441142.68939,10196441142.68939,10196441142.68939,10196441142.68939,10196441142.68939
capital,StorageUnit,Reservoir & Dam,18874362418.81157,18874362418.81157,18874362418.81157,18874362418.81157,18874362418.81157,18874362418.81157,18874362418.81157,18874362418.81157,18874362418.81157,18874362418.81157,18874362418.81157,18874362418.81157,18874362418.81157,18874362418.81157,18874362418.81157,18874362418.81157,18874362418.81157,18874362418.81157,18874362418.81157
capital,Store,Battery Storage,8372257770.72748,7404570879.99055,6801531990.09084,6503482999.86145,6182556584.08411,6203212648.75326,5492357323.33911,4442971365.67373,3382693821.37205,2118941556.76315,292538114.50506,436186.45999,275512.80995,193407.20475,215798.85077,157045.60618,149136.24986,157426.86209,152327.18742
capital,Store,H2 Store,1984456660.10107,918110164.54744,430117364.95824,200154088.22115,61038472.00117,4666950.31153,135852.83196,133601.53995,136129.22476,128515.10333,117681.90838,111043.16329,119470.71309,118662.06092,130267.79089,104453.95242,103643.39316,124877.38359,128743.94933
capital,Store,ammonia store,19083037.18164,19083033.71141,19083031.33036,19082999.91815,19082820.1628,1481162.68798,1048.7598,1293.3,1000.54144,1219.41607,1180.19761,1013.0934,1205.57042,1186.91115,138920.39342,218717.80328,220810.87816,133511.34654,127165.04686
capital,Store,co2 sequestered,97050294.69455,83513089.40783,66956158.73829,42940232.50852,16754917.35179,10344206.24748,17225688.52573,71886554.18941,91572954.94119,118617174.59097,132153612.98003,171905086.60881,264760643.81751,433022452.96714,406308597.68741,324052888.41483,231674691.22551,144976306.10383,190221.86277
capital,Store,co2 stored,5896155.6512,9426116.01398,7502642.3716,9024214.56813,2947023.71144,356901.35088,136704.67479,133456.68258,140163.97717,135198.65997,120904.29164,111526.38768,121184.72691,260615.96175,275333.71387,267747.51677,266374.8488,162807.84798,188195.02251
capital,Store,gas,23769426932.66507,23756408852.08002,23757990462.14358,23758398070.77724,23759634279.77374,23760667857.47202,23761491195.8711,23766316119.16006,23768525087.8717,23768692172.32426,23767898242.55054,23767050214.05584,23766764457.6096,23767293042.68792,23767191776.15968,23767980341.84996,23768297233.39428,23768039044.62615,23769873329.90468
capital,Store,home battery,4546409.51298,1540181.53206,3564888.40741,7777907.72121,9212583.48288,10541751.33537,14809755.96072,49157611.1454,55430582.28215,52918480.27104,29720345.18798,6361880.08396,1616038.18019,1007040.21159,595347.14561,403568.04377,388296.71613,398252.83201,401309.55128
capital,Store,methanol,0.0,0.0,0.0,0.0,0.0,0.0,0.0,0.0,0.0,0.0,0.0,0.0,0.0,0.0,0.0,0.0,0.0,0.0,0.0
capital,Store,uranium,4956031327.88382,12178447915.53234,13461329866.60911,12478421789.16894,12545761454.74687,12766658198.77578,13121228610.73397,13317880821.72677,13967598885.79584,13537717287.66038,12098879554.59472,12263580593.75943,11813085942.52666,14417901579.46806,12846280086.74378,11268779289.99787,13341640953.59652,11927025328.02786,11884253706.6677
marginal,Generator,Offshore Wind (AC),11573135.04529,11024545.82342,10452485.02526,9577896.10248,8879499.04622,8658997.74959,8130253.08753,7726375.42386,7079686.33205,7190995.91007,6655772.91417,6426012.82103,5877016.83689,5780500.08788,5759445.96927,5842936.09997,5889891.44067,5887950.2867,5692105.87639
marginal,Generator,Offshore Wind (DC),20851574.8834,20249666.92009,18971545.59984,17264571.21097,15839773.2718,14062903.34927,13570356.03134,12352572.22682,11599152.38814,11084825.33592,10374484.27173,9171383.2256,7499595.13451,5188539.32552,3757946.01535,3059226.08438,2500131.49112,1974579.91039,691135.65989
marginal,Generator,Offshore Wind (Floating),27.21686,31.52465,25.57297,30.20639,35.31546,30.13561,29.95276,28.9538,28.14785,27.22512,24.16133,22.29445,23.40856,22.6024,24.01976,19.11362,19.07792,22.46964,21.85879
marginal,Generator,Onshore Wind,24934035.69189,23626505.63255,21633398.64281,20454763.10339,19299460.01128,17192193.44261,16730017.79391,16103017.81061,15288598.07179,15318051.20122,14916349.11702,14832694.92916,15420751.8894,16145968.70919,16476581.28096,16073282.68741,15397980.25126,14959128.29926,14299900.76317
marginal,Generator,Run of River,1586682.73974,1611495.59746,1612110.2786,1610585.88341,1616300.86113,1635781.60705,1618496.21199,1611636.59687,1616510.25021,1639695.40887,1620908.22195,1595561.32028,1580530.26876,1622981.68566,1615144.27614,1642971.93611,1624162.5865,1624230.46571,1620624.77759
marginal,Generator,Solar,2980188.19803,2514566.31475,2602374.04219,3007589.94828,2641340.46864,3045171.53402,2721358.35202,2822826.07182,3038836.36533,3061888.06998,2891343.57453,3042492.56705,3082641.45733,3096704.82002,3086800.03356,3098092.7878,3134608.38386,3146768.3315,3085155.39097
marginal,Generator,co2-ets,162669864343.35278,160045590092.34705,163761619348.708,168306821312.97546,172456888046.17294,175334073666.3864,175758068977.7373,180238611019.81204,184893410997.1621,189721783733.1784,194383631061.35956,199093687535.2572,203388674455.10406,207111892557.7909,211002825030.8135,215597821465.50156,220517705426.5115,225537765567.681,230822387815.25656
marginal,Generator,coal,6179507872.4872,5005660770.09544,4607089958.83138,4521981687.82441,4777416705.80265,4191997055.92032,2914132371.19396,2849278850.35012,2835499183.08853,2843836848.21212,2844910417.73247,2849112548.72808,2886769940.98038,2919984335.20278,2921810407.78264,2908765679.8685,2892783177.53548,2891882985.75533,2899563469.06469
marginal,Generator,forest residues,3382407599.57777,3382424020.11294,3382424011.00472,3382376834.01907,3382424044.40916,3382400705.90651,3382424029.84997,3382409322.45348,3382376820.05255,3382400689.78987,3382423975.16152,3382407563.20933,3382387922.21341,3382423928.80243,3382409187.28224,3382400598.23358,3382423895.4891,3382423850.19877,3382376669.5302
marginal,Generator,gas,,6144512780.32782,12289034676.5806,18433701219.61311,24578176600.98084,30722250110.94227,36867319030.97248,43011258999.00008,49156463001.2472,55300110807.51089,61445360931.93784,67589615467.02757,73734142603.45436,79878864384.2553,86022653678.0336,92166926574.05182,98312198885.56422,104456654757.30045,110601895283.96191
marginal,Generator,industry wood,1753013720.86174,1753079715.98194,1753079709.00854,1753020778.44127,1753079733.16221,1753049848.36248,1753079718.6829,1753048516.66422,1753020777.48857,1753049850.39756,1753079704.59175,1753013720.12409,1753009666.45963,1753079697.17081,1753048499.29104,1753049832.55681,1753079695.76901,1753079695.98268,1753020762.53017
marginal,Generator,landscape care,237058157.09108,237064787.64689,237064778.37226,237057647.98389,237064808.70424,237062423.86727,237064792.79635,237061195.21364,237057648.89817,237062426.44767,237064774.53823,237058157.19736,237059513.09898,237064765.90173,237061173.86343,237062402.80799,237064764.10947,237064764.12007,237057630.70568
marginal,Generator,lignite,411621546.3467,141703348.14084,137013928.61674,123887734.9565,3148815.11095,199666.17749,11732.29027,158138.07061,155166.81455,57089.51678,187653.85047,413793.25945,271764.53006,566926.89084,633777.1897,432240.81745,286072.20759,250669.45983,597125.03718
marginal,Generator,manure and slurry,2165652949.7767,2165643987.13773,2165643966.13058,2165625396.03698,2165644026.07721,2165636822.92525,2165643977.04617,2165630224.85574,2055632746.00325,272863.93577,92421.91611,62969.65989,49529.12501,34699.49812,40822.12119,29655.72285,29602.4216,36137.36662,34810.86385
marginal,Generator,municipal solid waste,569583.29497,569784.27901,567278.03011,584307.17101,593220.68192,583102.57368,574152.4882,581221.21898,580051.08799,579761.13008,573748.5094,573901.68909,570867.44371,570208.78892,582468.15563,575428.43323,575891.40781,584888.37217,595303.84955
marginal,Generator,oil primary,280415328181.76776,280063921150.8169,280412880117.8965,280360255958.217,279746796406.8959,279740478131.4333,279724131809.9367,279587813426.26886,279223720974.2023,279100875980.9428,278596016375.7024,278332330581.07794,277352262844.0672,275744636102.86145,273356714865.0075,272169287086.65707,271599340826.95813,271157419410.35132,270784506948.6713
marginal,Generator,rural heat vent,90.04874,80.58953,80.27237,51.45664,53.72183,38.7191,38.12773,53.98915,42.57695,45.18708,48.79677,43.54893,28.40904,18.89434,16.75545,10.81146,8.85378,7.40597,4.3832
marginal,Generator,rural solar thermal,3.38726,4.32635,4.93688,5.13411,5.34943,4.92292,4.80383,4.63847,4.64352,4.3081,4.43044,4.18023,4.36059,4.57803,5.40594,4.59904,4.35376,4.9644,5.4179
marginal,Generator,sewage sludge,65616327.64392,65615596.41383,65615573.83813,65616680.00915,65615644.69123,65616834.25483,65615596.27673,65616632.02227,176798.80434,128949.36924,76514.55632,50385.83517,42522.55489,29917.32485,33997.3379,22822.83545,25700.55292,28161.58523,23085.95678
marginal,Generator,solar-hsat,27325866.10681,24979717.30177,23191416.03832,23022734.06258,22536393.25787,22117726.74509,21411460.63519,20289284.14385,19161898.87886,18366886.80517,16743062.76724,16400347.90447,15560969.91032,14627044.74824,14273932.37086,13840139.67474,12863185.97293,12052510.12161,11218008.11732
marginal,Generator,solid biomass,11388898429.28748,11057770594.29496,10205911901.64978,8028793377.11931,6740096759.98094,5877860810.7406,4332272116.19546,2655271742.88678,1552681358.00344,1200768818.46504,1023136544.33535,1024840524.57751,1025701541.09401,1025624500.90597,1025106958.75926,1008470959.179,1003966861.63109,995162784.09138,994430927.60268
marginal,Generator,straw,1202829116.78511,1202835513.30772,1202835500.52954,1202819876.86557,1202835539.20082,1202816993.5659,1202835511.75325,1202838272.45133,1202819856.15923,1202816965.52229,1202835376.21639,183597.97892,59243.75622,33725.81761,39511.57181,28971.32959,27279.23974,31546.78975,28778.14245
marginal,Generator,unsustainable biogas,8153623221.99035,8153579361.93593,8153579302.42185,8153602617.86548,8153579514.84016,8153628462.66033,8153579392.29243,8153577124.34215,8153602622.89192,8153628493.43113,8153579305.55013,8153623249.28299,8153573619.7962,8153579258.2455,8153577043.24051,8153628372.67445,8153579261.41286,8153579294.70348,8153602576.58895
marginal,Generator,unsustainable bioliquids,17459242137.81426,17459208918.56901,17459208859.90325,17459202612.99042,17459209069.29269,17459231262.02218,17459208948.49274,17459175777.29892,17459202617.94525,17459231292.35439,17459208862.987,17459242164.71778,17459240992.90358,17459208816.35652,17459175697.35354,17459231173.31926,17459208819.47873,17459208852.29507,17459202572.30247
marginal,Generator,unsustainable solid biomass,11572745716.91585,11572813862.32001,11572747454.89898,11572678761.74618,11572891318.84247,11572863888.3587,11572726735.63484,11572654250.58938,11572690527.24688,11572751518.97032,11572637828.65495,11572663848.10908,11572795180.02252,11572618504.76381,11572585700.76192,11572700919.89983,11572617277.89029,11572639551.55413,11572671462.8648
marginal,Generator,uranium,6556332571.63178,6557718408.09616,6557375316.80487,6558708256.78044,6562699540.7151,6563243629.59844,6565301339.37718,6566123997.43709,6567773285.81022,6570597885.16565,6572579969.96062,6572192219.36231,6574408235.70906,6577079755.33455,6575649889.40231,6577871166.92947,6579192878.20431,6580103954.38347,6578856337.61858
marginal,Generator,urban central heat vent,546486.3933,465901.52549,365248.14738,238485.77024,299080.61318,293084.7833,279733.14535,223811.26687,187080.41221,156997.08947,81863.46717,68415.43081,43261.42393,32971.13409,24871.2852,15109.47967,6339.62533,2897.03746,3391.95721
marginal,Generator,urban central solar thermal,10.72042,13.73665,13.72268,19.09776,24.71793,21.28832,20.01546,19.8243,20.54402,23.28327,21.98572,17.91156,16.51534,14.16104,15.56537,12.16569,12.55404,17.02419,15.39121
marginal,Generator,urban decentral heat vent,5592.89618,6482.85507,4037.39314,2182.82487,1614.80833,1039.93072,1004.17692,889.37268,729.49449,697.46961,653.8633,526.08602,214.33906,528.14413,746.99289,540.6396,473.68648,319.37818,265.52758
marginal,Generator,urban decentral solar thermal,40366.11542,74557.03548,35463.7282,15631.91163,5871.38551,21395.26169,6.36305,4.42981,3.99915,3.64549,3.17723,2.84487,2.81119,2.87998,2.95722,2.33285,2.34017,2.72418,2.62797
marginal,Link,BEV charger,3405661.52212,3339872.15918,3339872.15391,3339872.15844,3339872.17273,3405661.52834,3339872.16187,3335238.60825,3339872.15888,3356185.96329,3388137.01111,3405661.52455,3339872.15243,3335238.59848,3339872.15256,3343842.10132,3335238.59877,3339872.15323,3279676.53241
marginal,Link,BOF,12561097763.72653,12561111562.55242,12561113191.80888,12561104556.19843,12561084611.49015,12561070526.49,12561084794.9963,12561071611.86944,12561074386.00719,12561064909.27735,12561086754.58003,12561049810.25288,12561048066.2047,12561042945.76156,12561012414.09463,12560975349.6539,12560996932.04972,12560910497.31035,12560752630.80232
marginal,Link,CO2 pipeline,-129224.95914,-138301.21889,-135853.3488,-85404.66699,-18820.50688,9058.11066,23.22939,47.567,2415.97279,6898.32082,11767.94803,11174.59773,11635.30816,19796.82167,14106.75801,11616.7299,12398.93213,11196.69667,19696.66373
marginal,Link,Combined-Cycle Gas,8732513.19205,15013103.45798,27008570.65543,48791636.75345,171456402.40779,351105592.60817,755406509.51231,1051730141.12605,1350946700.85344,1576430682.83726,2056966429.87531,2336282227.17107,2780199213.3413,3175361001.98659,3357356475.40186,3458259832.00069,3534382825.61182,3606463558.50248,4079940002.8053
marginal,Link,DC,1804592.51464,1787921.28853,1822505.35536,1818601.81604,1813896.76305,1774961.50331,1767424.33852,1697889.33438,1715249.83352,1718871.6362,1716552.49564,1712937.18858,1717793.6868,1666192.69375,1617776.38156,1553413.45837,1507995.07726,1504928.95306,1497645.40843
marginal,Link,EAF,0.76817,1.07302,1.0016,1.37657,2.23941,1.8914,2.23669,2.55831,2.6918,3.00419,2.91104,2.75137,3.82879,3.79171,5.37506,5.09108,5.78613,9.79062,15.49736
marginal,Link,H2 DRI,10432.41619,13266.0073,11402.85157,13945.15279,21743.08583,18701.87961,20660.25153,22624.05405,23084.38052,25343.51636,23362.49832,22136.79834,26821.92743,23671.60001,30059.9568,25770.69879,27156.38854,38273.93216,48061.52747
marginal,Link,H2 Electrolysis,6950821.92595,5007728.05255,3036020.22751,2564158.81127,1673870.57255,116314.66674,89.62496,32.02505,25.65681,23.36038,19.1858,16.66272,16.73763,15.97546,16.89108,13.56686,13.54913,16.37966,16.78277
marginal,Link,HVC to air,9073319.70938,8945987.77799,8934850.47522,8948940.94393,8948937.2019,9073311.4816,8948955.04335,9123996.92623,8948966.22785,9040715.30712,9289106.10447,9073339.56349,8948977.68698,9124017.36835,8948980.56867,8984838.20556,9124019.15549,8948981.33193,9148610.48664
marginal,Link,Haber-Bosch,2179617.27424,2185796.87895,2185359.50836,2184940.99046,2182237.47516,2168849.33732,2176376.68545,2182888.81749,2177996.7062,2190406.46078,2184515.78591,2172424.21103,2183188.29549,2183686.96067,2184057.97876,2186221.44699,2181268.76509,2186032.02599,2171983.05304
marginal,Link,OCGT methanol,721.68123,901.54287,779.60062,872.78888,1018.00928,934.45809,1053.33859,1165.71138,1270.92805,1245.38756,1216.40431,1210.69154,1400.53725,1521.24208,1622.9817,1355.6386,1388.9219,1719.95431,1800.20704
marginal,Link,Open-Cycle Gas,678.83432,1084.59888,1097.73969,2377.56995,607185.25274,1426454.66883,982102.49018,966849.00571,614163.13411,168560.92503,78839.91037,516093.86979,1600712.96453,2831183.48224,2426719.66165,1056741.87015,956007.06765,1788545.64245,6864187.06601
marginal,Link,SMR,20397.39391,2345.31411,49.95837,581.33143,1094274.26159,2353329.27051,2564449.78461,2399737.8313,2556747.8569,2478150.18697,2441225.88741,2402390.75781,2521173.32621,2501951.78956,2482361.32543,2500692.19989,2401294.64881,2502297.21121,2485199.66245
marginal,Link,Sabatier,452872.39352,39.01349,22.2644,22.5751,27.1231,24.94498,26.81608,28.47948,30.52774,29.68118,25.92802,26.64037,27.43837,25.56764,28.81794,22.3239,26.33585,30.17531,35.86605
marginal,Link,agriculture machinery oil,525378.21842,521014.73751,521014.73751,521014.73751,521014.73751,525378.21842,521014.73751,522140.10059,521014.73751,511467.24068,505665.26173,525378.21842,521014.73751,522140.10059,521014.73751,512016.02123,522140.10059,521014.73751,513073.61608
marginal,Link,ammonia cracker,13.41322,11.21513,8.02613,8.03464,8.5456,7.5384,8.38762,8.87467,9.5289,9.12331,8.74401,8.63046,9.83999,10.22141,11.32316,9.2335,9.21813,11.76413,12.10371
marginal,Link,battery charger,2313856.27329,1981526.58503,1834469.96269,1742366.76104,1644325.97358,1653744.3273,1399154.56153,1013768.15875,828685.25183,551607.62474,74226.63347,293.19781,269.60832,237.39087,279.26767,220.21383,207.87224,263.0076,277.4288
marginal,Link,battery discharger,2126623.37531,1872047.61301,1730821.58385,1648480.30172,1556233.66133,1536005.92985,1326151.83603,1042986.81939,790780.22007,525195.50521,72982.85485,289.15729,263.50709,233.74694,272.92903,211.39591,204.60652,257.02714,274.65541
marginal,Link,biogas to gas,1274135618.88969,1274134007.19739,1274134003.02854,1274134004.06017,1274134011.25029,1274135616.91068,1274134000.89021,1274146033.77849,1242078443.05597,852352082.65091,852233828.68115,480666945.91635,480607787.14037,480585759.56842,480598579.54185,480568007.5399,480582078.98918,480594230.27792,480589791.19317
marginal,Link,biomass to liquid,1761.90552,7706373.34322,991929.2051,2965.13966,12124654.31731,12247528.32062,12866481.52281,15535172.07761,22814862.83471,24819573.08658,32151226.64135,36995007.758,57180291.05706,90473349.90001,139899195.13029,164487687.67028,176207062.72717,185448937.68677,193172572.98292
marginal,Link,biomass-to-methanol,514785525.04455,138320244.21085,530945696.19675,829909647.46018,686465.2779,102558.07002,59805.05569,47136.75806,43266.8526,40161.65579,29957.67358,26883.30267,28163.24264,25621.78244,26752.74938,21282.20366,23858.24554,27910.80188,27451.57487
marginal,Link,co2 sequestered,32297.06339,28496.34949,22720.35523,14533.87268,5570.55406,3367.00519,5369.15727,23261.08711,30205.9798,40012.38156,44992.47102,54706.73505,89720.76993,141774.25259,138542.41437,103680.04058,75772.20155,50299.69499,63.76482
marginal,Link,coal,420915389.3413,277165624.4128,228375191.23993,217961633.05198,249229601.31819,177526875.31922,21133801.55593,13242419.86042,11508454.43631,12532777.63668,12654596.73954,13207542.36248,17849572.32784,21852201.57724,22120653.61294,20482761.53256,18522115.76615,18412008.91859,19357253.39828
marginal,Link,coal for industry,1637437.80175,1728119.96914,1728119.96914,1728119.96914,1728119.96914,1637437.80175,1728119.96914,1770620.3382,1728119.96914,1664871.22459,1709330.32361,1637437.80175,1728119.96914,1770620.3382,1728119.96914,1689983.05942,1770620.3382,1728119.96914,1715263.5655
marginal,Link,electricity distribution grid,42275942.92906,41290100.01431,40763021.39975,39752077.66992,39055763.17372,38854865.12555,38528740.68289,36276999.56194,37025231.59113,35921411.18619,36056642.30399,36276368.81668,36253543.75607,34800469.92024,36084216.16111,35370717.26211,34688728.69945,36043056.28238,35032418.55655
marginal,Link,gas DRI,8844.05115,12429.36429,12534.3279,18978.71624,31990.61077,28803.98525,32729.4916,38586.84654,41017.41317,47692.53657,46648.78187,46719.59436,64381.99927,67019.12619,97982.03109,97308.50194,111080.52541,195079.74435,325455.55959
marginal,Link,gas for industry,1103829.53668,1079911.06667,1079911.06667,1079911.06667,1079911.06667,1103829.53668,1079911.06667,1102296.34495,1079911.06667,1117938.11529,1111046.23697,1103829.53668,1079911.06667,1102296.34495,1079911.06667,1116274.65292,1102296.34495,1079911.06667,1099055.47764
marginal,Link,gas pipeline,2906958.82846,1227192.39829,1363394.53937,1941746.93514,2209685.29796,2309699.2312,3029678.69547,3506393.47119,4088233.18797,4254286.40485,4792089.77831,5305120.01474,5762763.98416,6206473.2473,6222087.87812,6594039.41916,7813708.41204,8696851.74717,9192788.62576
marginal,Link,gas pipeline new,-29313.83996,22881.8263,32820.71752,-15967.24797,629999.80341,748270.19071,753898.8463,831816.00048,655937.98663,641508.03373,615550.28127,647387.76094,664205.70602,404080.81549,-313251.7384,-1076126.87798,-2032365.42663,-2951613.51297,-3458125.22826
marginal,Link,heat100-200 industry electric boiler steam,1390.74983,1891.33336,1555.62578,2116.94616,2975.32983,2249.00613,2023.70588,2473.63198,2127.30778,2447.24321,2077.40755,2108.94473,2377.2906,1754.31891,2686.94061,1861.60531,2132.2131,2832.33046,3132.19711
marginal,Link,heat100-200 industry gas,233.65672,658.77742,955.74688,2227.90619,4028.18387,3790.56213,3856.63724,5583.54147,5429.82933,5746.08861,36161.7205,710589.14364,1751887.45955,2433125.01434,34488752.42996,141270261.7122,250456556.74186,397907412.26168,417054917.04324
marginal,Link,heat100-200 industry industrial heat pump high temperature,396622184.15595,396875755.12114,395763126.4061,393750141.13333,391505713.44898,391158608.73381,389528024.7257,385096727.73164,381541471.55332,375656040.2781,373695426.38111,370232805.49789,374230372.04635,392242184.30457,362539870.88736,267654543.20538,161848562.1571,18861012.98373,399330.84255
marginal,Link,heat100-200 industry solid biomass,24072629.44748,23242132.54297,26609433.86753,32695732.96971,39479677.85683,40599711.26508,45468363.34378,58831969.12309,69637794.48489,87386470.18067,93386915.15892,101861609.32841,86642958.80315,30082657.50837,25917573.20078,49509.89885,41600.81195,43520.93759,29639.74238
marginal,Link,heat200-500 industry gas,63.94762,91.11844,96.51559,191.58461,350.77583,320.89687,83951.17588,2516159.88132,7986365.64361,7999621.84176,7991506.70715,7984250.06513,10459196.89501,16817952.96995,29121146.7999,32375419.88853,33461365.60979,33462106.48685,33495498.76437
marginal,Link,heat200-500 industry hydrogen,2266.7483,2915.351,2622.81572,3609.3074,5234.49924,4426.37777,4539.27904,6228.00843,5361.44411,6714.6422,5986.46156,6056.43886,7247.47591,5762.93327,9982.79562,6157.99903,7378.39468,10330.14596,11027.9452
marginal,Link,heat200-500 industry solid biomass,1080905749.75701,1080921419.33602,1080922219.66023,1080915862.18543,1080905304.70597,1080890256.44481,1078203209.28024,999754768.12246,823081096.53421,823035877.71697,822884932.6542,822744600.77392,743064122.5166,538025493.1821,140315005.79751,35941786.83067,168231.80634,134403.20459,97354.6077
marginal,Link,heat<100 industry electric boiler steam,1418.57825,1898.66035,1568.28371,2140.65163,3042.54716,2249.63768,1968.28549,2461.58352,2061.83582,2415.02329,2045.09929,2083.97689,2352.83603,1723.19759,2707.38274,1828.6693,2189.08551,2811.07815,3041.83903
marginal,Link,heat<100 industry gas,224.59094,987.4186,1745.47932,3671.74861,5253.62802,4860.16013,5408.33266,6968.82772,14487.60018,69109.77566,758747.78349,1029871.60191,1514190.27796,15691670.14023,103962896.87084,176219846.50605,272502191.93859,330553287.47719,334201563.44153
marginal,Link,heat<100 industry industrial heat pump medium temperature,341595630.26462,341013503.57154,336606968.34595,331673156.6301,331429470.20661,330962259.45261,328010661.44026,318495940.66538,312432175.06182,311114494.52149,308011775.29698,306870250.37093,296942778.26048,271531426.3864,229483940.22857,163032251.28541,67727895.61319,4152807.52553,143655.71027
marginal,Link,heat<100 industry solid biomass,65710844.05193,67252680.86663,79058557.89913,92271024.65887,92914991.02589,94182761.00038,102078222.56382,127523206.87656,143795606.80154,147144431.65271,153507719.97388,155725444.01419,180898379.41462,207370401.83014,61056211.38776,27250816.54413,52079.26642,43656.14616,29316.38327
marginal,Link,heat>500 industry gas,25662833.48012,50839408.16922,83910580.27984,89905471.51846,89905243.33828,89893139.7686,89905522.22225,89873657.565,89905457.15652,89852983.57976,89825040.99508,89893172.74061,89905403.24279,89873998.93471,89905274.17745,89911249.74198,89873855.57028,89905260.11466,89819997.45218
marginal,Link,heat>500 industry hydrogen,621973308.88023,378545330.00317,58155192.71883,7777.18384,9987.38728,7776.1195,7285.68677,9426.08793,7916.077,9207.12078,7674.5933,7456.75756,8438.39904,6117.84521,9688.84525,6268.62932,7507.04217,9824.91199,11280.59254
marginal,Link,home battery charger,1120.47931,556.79205,934.03812,1725.99953,2040.82654,2091.29619,2911.73599,8457.75806,9989.2205,10098.29492,5618.63469,1301.13858,564.00047,392.96713,327.50764,239.32626,226.99811,267.60509,275.08071
marginal,Link,home battery discharger,1144.5128,548.56479,899.87478,1655.10949,2028.30614,2051.33029,2789.60945,8351.76076,9507.1484,10206.42475,5194.65676,1286.74102,559.73346,395.72534,321.68703,232.08588,224.21752,262.43033,277.64461
marginal,Link,kerosene for aviation,7590558.90125,7515311.92284,7515311.92284,7515311.92284,7515311.92284,7590558.90125,7515311.92284,7577003.71482,7515311.92284,7344727.01288,7307702.00983,7590558.90125,7515311.92284,7577003.71482,7515311.92284,7453866.65721,7577003.71482,7515311.92284,7221382.26479
marginal,Link,land transport oil,25218278.97089,25691734.13013,25691734.13013,25691734.13013,25691734.13013,25218278.97089,25691734.13013,24925042.54307,25691734.13013,25200780.82091,25163242.26643,25218278.97089,25691734.13013,24925042.54307,25691734.13013,24804097.30497,24925042.54307,25691734.13013,25249440.34553
marginal,Link,lignite,135099921.95636,46506981.2905,44966350.78835,40659059.25607,1033938.00962,65554.22317,3851.85858,51882.47718,50923.80134,18756.19821,61592.64247,135862.48678,89216.43606,185999.36247,208127.04837,142021.03135,93847.21347,82344.65938,196025.89099
marginal,Link,methanolisation,687652.516,841503.2534,729078.80992,643170.12239,852196.93179,883301.20479,841730.95231,871614.30876,843830.865,835246.68095,885673.33666,884360.90833,861880.78552,886157.47045,865726.57478,866601.30101,876568.23962,850936.2663,875128.15991
marginal,Link,municipal solid waste,535833.13322,548817.0363,548817.03135,548817.06455,548816.66442,535833.48884,548817.13913,542808.32719,548816.88736,543221.39844,542378.10562,535832.93971,548817.18863,542808.20153,548817.05513,540002.549,542808.30692,548817.07243,546188.84739
marginal,Link,naphtha for industry,8449016.44595,8552319.83282,8552319.83282,8552319.83282,8552319.83282,8449016.44595,8552319.83282,8524743.66414,8552319.83282,8662976.97158,8326764.8926,8449016.44595,8552319.83282,8524743.66414,8552319.83282,8384019.28523,8524743.66414,8552319.83282,8299533.71981
marginal,Link,nuclear,2233805715.1793,2234010894.78856,2233894015.81332,2235107497.38943,2235707690.01848,2235828720.85845,2236594006.43021,2237225488.73406,2238196583.44485,2238466014.50518,2239332344.36855,2239209382.34242,2240025693.99639,2240240556.71537,2240836865.54514,2241486632.9496,2240960313.3736,2241636489.41088,2241555497.56464
marginal,Link,oil,3481.6482,5321.49284,208632.97596,2918.23539,2923.59763,2456.9162,2460.51464,2344.14387,2325.10456,2195.19113,1992.45191,1882.74958,1979.45275,2002.84863,2125.52622,1704.26101,1698.04897,2010.25081,2032.3368
marginal,Link,oil refining,51237892.88568,48374252.30464,48434526.50579,48425181.11835,48319476.69373,51114478.26434,48315561.9341,50661466.22482,48228873.29197,49824078.57231,57826810.79056,50857284.56217,47906583.07651,49963972.04068,47216792.40071,48653641.54061,49212858.90865,46835870.0647,54237790.31349
marginal,Link,rural air heat pump,16.90394,18.06155,16.67399,19.67991,20.51232,19.26586,19.33952,19.4695,19.67578,18.38093,17.32987,16.08909,17.20801,16.69099,17.63102,14.36706,13.41809,16.74614,16.49138
marginal,Link,rural biomass boiler,1872569596.01358,1873044490.80998,1873415932.75242,1872703804.89101,1873913440.99435,1871054525.20339,1814585332.66986,1741554015.319,1679212902.77321,1679108052.74268,1678940155.16705,1679490619.29703,1679421417.13473,1679557327.88792,1678712500.89696,1676902227.05804,1676562860.89526,1675918916.44951,1675929713.93346
marginal,Link,rural gas boiler,12971.65908,93231.20583,534528.65183,1841665.42463,2059575.82088,2208479.75929,2416966.47659,2625722.8116,2887350.10955,3015035.16121,3127919.45174,3142912.06051,3254284.77686,3219735.20124,3294367.53837,3240065.92213,3248648.51114,3320161.73265,3262675.09623
marginal,Link,rural ground heat pump,1328684.681,1306984.06083,1053942.1454,675572.48737,655814.4062,583800.06909,579176.52772,563968.21898,554164.82119,496514.34734,472507.88471,465797.42368,451381.51162,425639.86384,443567.64972,430364.12651,424161.14102,428597.80019,401706.61329
marginal,Link,rural oil boiler,1783654.90996,1761858.35519,1763113.04466,1756803.35756,1755295.94157,1777990.34916,1756155.61065,1805215.2173,1753570.94141,1814105.00568,1721055.91879,1765952.7594,1742851.8557,1791929.4719,1742523.75957,1736361.27004,1791336.27036,1742054.17312,1800361.52007
marginal,Link,rural resistive heater,140592.79638,345683.842,830769.72599,940978.91851,784734.35236,756648.07376,744655.4457,563442.29928,480748.30524,485749.07495,476157.27753,447414.76217,509865.299,559309.87548,502335.95053,527468.62829,536028.11531,536016.18706,567381.10457
marginal,Link,shipping methanol,815629.97899,686267.35148,686267.35148,686267.35148,686267.35148,815629.97899,686267.35148,687470.16668,686267.35148,786929.98869,680556.73384,815629.97899,686267.35148,687470.16668,686267.35148,756731.67109,687470.16668,686267.35148,786568.26341
marginal,Link,shipping oil,4893703.87499,4970185.85617,4970185.85617,4970185.85617,4970185.85617,4893703.87499,4970185.85617,4991393.21299,4970185.85617,4882335.32825,4842732.81255,4893703.87499,4970185.85617,4991393.21299,4970185.85617,4902674.69987,4991393.21299,4970185.85617,4764518.66765
marginal,Link,solid biomass for industry,3539038.21884,3598914.16738,3598914.16738,3598914.16738,3598914.16738,3539038.21884,3598914.16738,3375896.58849,3598914.16738,3474515.81596,3451712.22123,3539038.21884,3598914.16738,3375896.58849,3598914.16738,3418300.55934,3375896.58849,3598914.16738,3487436.62779
marginal,Link,solid biomass import,17.58829,29.29143,22.44901,28.99944,31.546,27.25207,26.43113,23.58664,23.20538,21.53215,19.04794,17.44456,18.3651,17.65204,19.02408,14.71573,15.03126,18.3239,18.38792
marginal,Link,steel emission,398523.45901,394675.45119,394675.50617,394675.45879,394675.28674,398523.3041,394675.31997,389212.97017,394675.28117,406588.74062,392578.55105,398523.29302,394675.26762,389213.07087,394675.31781,404586.56598,389213.1681,394675.51742,396675.82502
marginal,Link,unsustainable bioliquids,144575224.05607,144545553.37367,144545552.88789,144545553.30518,144545554.62173,144575224.62641,144545553.62145,144564178.69459,144545553.34621,144589040.56408,144572717.64982,144575224.27884,144545552.75201,144564177.79664,144545552.76319,144562385.66288,144564177.82249,144545552.82489,144568810.13378
marginal,Link,urban central air heat pump,212775.18096,255321.0643,314457.36339,438723.1246,487108.36211,498705.0685,524002.6781,453920.13301,375719.71036,342164.59213,251625.91275,177908.45165,98033.57857,44159.28402,32349.1835,24394.53405,23808.87328,34574.78148,28647.45135
marginal,Link,urban central gas CHP,1951.88002,3130.86457,3318.83935,6336.07794,15567.1626,16911.79731,88737.70452,909917.42956,1775094.56123,1926416.98421,2107662.95685,2026207.95306,2944490.77133,26123846.77599,23723084.19797,40136331.72716,55822153.44117,84142845.26979,244833697.39728
marginal,Link,urban central gas boiler,108163.04164,176783.28416,292162.78092,457957.38225,647776.78041,754734.788,1042228.0603,1524414.478,2014044.03277,2318973.93509,2617828.75833,2866204.20485,3540768.64397,3976702.15763,4189669.74277,4396958.64609,4416187.0556,4576095.88702,4620602.08127
marginal,Link,urban central resistive heater,411890.70385,361150.64981,309547.76799,270016.81229,246672.99979,243239.06733,229445.28248,186043.88518,129746.89644,126536.13004,106341.0743,89879.07071,67068.15144,53135.70075,47421.63512,39358.85487,33190.83921,27266.12696,12966.71497
marginal,Link,urban central solid biomass CHP,2290914983.88003,2314905912.68857,2223131159.66225,1919588408.46921,1734688254.91279,1641599755.44475,1470613184.35889,1218392105.78018,1088844244.12294,984712530.89967,852347282.84956,761286452.33649,520284710.50671,229247629.69752,165516379.59352,92214007.58637,72458464.72132,14426304.46373,49360.15271
marginal,Link,urban central solid biomass CHP CC,385052837.21429,303621476.01234,258609697.91775,218734732.16749,283763900.30324,280694428.66431,284051115.98537,310889275.37326,320556020.67247,333848639.49326,340484472.52397,360043047.16029,405590914.00658,488217105.81854,475091496.50069,434713292.95271,389368511.29196,346786513.98469,275722186.69587
marginal,Link,urban decentral air heat pump,1055500.20672,1018517.05334,991251.8513,977735.55295,952038.9637,905786.57058,900385.50158,891564.89554,900365.73843,893128.35023,904854.68486,886492.81014,900272.31917,891342.0514,900080.48219,903709.91133,891320.15889,900100.40291,908601.58905
marginal,Link,urban decentral biomass boiler,2692613677.56068,2693346628.10207,2694141922.13465,2692233903.00622,2662273396.02394,2627360534.33261,2551524204.31266,2542055323.19651,2485650459.62001,2439502049.49695,2430371540.47911,2430679231.60442,2428503608.77687,2428599404.60458,2426913081.56171,2425067761.72445,2424679175.33596,2423601311.92236,2423761855.15954
marginal,Link,urban decentral gas boiler,1647887.43005,2796842.03406,3566782.49066,4348743.54763,4922756.46269,4961992.34044,5519420.16755,5837151.36322,6449170.43903,6572262.10444,6620792.9571,6594058.1366,6863129.69011,6647264.9903,6920693.99204,7043893.26889,6691474.14051,6962712.30375,7012985.11544
marginal,Link,urban decentral oil boiler,3053968.28348,3177520.63151,3179954.83136,3168946.64232,3165299.38146,3044608.18334,3166813.15513,3175178.46855,3165476.1774,3086679.30323,3171006.91014,3018792.56327,3138113.35676,3145627.44744,3137539.53699,3122726.01359,3144294.58403,3136496.21864,3055090.70693
marginal,Link,urban decentral resistive heater,6782061.52529,5792142.66719,5082499.3229,4301878.7493,3794442.18706,3649758.68975,3423304.57838,2818281.66392,2489671.96822,2291829.00678,2212869.4501,2151046.27642,2126667.46571,2042973.77633,2066645.88926,2110893.36624,1998863.86659,2024482.40928,1954035.68416
marginal,Link,waste CHP,125681.22383,8885148.05603,41726097.1303,177493.75096,185501.94587,147780.93852,134572.79285,115011.11179,103291.51909,97379.03872,80527.56096,68963.17432,70664.34218,59040.06268,64139.29869,52703.08094,52826.27359,61400.73249,62168.62388
marginal,StorageUnit,Pumped Hydro Storage,975185.20609,983034.57531,965125.94858,956411.9194,977779.19293,957291.10884,935573.33083,900417.68094,873245.2804,858941.42982,788981.80495,741402.42211,681819.4825,605166.24243,561714.57678,517922.68178,472097.03283,406489.64713,321835.2009
marginal,StorageUnit,Reservoir & Dam,3284004.31653,3469196.06247,3469290.82233,3309852.96586,3469455.02702,3394295.86002,3469591.09307,3336597.66783,3310119.16097,3394611.02751,3188917.5886,3188865.74044,3336858.44277,3469701.01584,3336891.73637,3336899.15292,3469712.58401,3310226.40428,3189018.79792
marginal,Store,Battery Storage,0.00013,0.0003,0.00021,0.00029,0.00059,0.00027,0.0004,0.00032,0.00029,0.00033,0.00023,0.00019,0.00017,0.00011,0.00017,8e-05,0.00012,0.0002,0.0002
marginal,Store,EV battery,-0.0053,-0.01322,-0.00844,-0.01239,-0.02551,-0.01086,-0.01566,-0.01348,-0.01279,-0.01332,-0.00868,-0.00759,-0.00706,-0.0048,-0.00721,-0.00374,-0.00505,-0.0078,-0.00911
marginal,Store,co2 sequestered,290855.17788,250394.90383,200568.42092,129037.73877,50269.18849,30881.64336,52062.62174,216669.59727,275216.61862,356143.52677,394560.15222,514327.72913,792411.39088,1301870.80722,1211314.01231,974206.38839,694576.17699,435282.15863,571.47999
marginal,Store,home battery,0.00017,0.00044,0.00028,0.00041,0.00085,0.00035,0.00054,0.00044,0.00041,0.00044,0.00029,0.00024,0.00022,0.00016,0.00024,0.00012,0.00017,0.00026,0.00029
marginal,Store,non-sequestered HVC,8483227.05715,8438356.88048,8438356.88048,8537904.95123,8438356.88048,8614101.60056,8438356.88048,8483227.05715,8537904.95123,8537904.95123,8587194.05941,8587194.05941,8564800.69105,8483227.05715,8438356.88048,8583558.23278,8483227.05715,8525812.54809,8537904.95123
marginal,Store,solid biomass import,94176.987,158682.96708,121498.94442,157009.89263,170333.44372,145666.9481,142549.50617,130288.71327,124913.00798,116817.79141,101593.09134,93710.5022,98757.69558,97496.11778,102289.77148,79049.97705,82901.85416,98543.06602,99974.89231
