cluster,,50,50,50,50,50,50,50,50,50,50,50,50,50,50,50,50,50,50,50
opt,,lv1.253H-T-H-B-I-A-dist1,lv1.253H-T-H-B-I-A-dist1,lv1.253H-T-H-B-I-A-dist1,lv1.253H-T-H-B-I-A-dist1,lv1.253H-T-H-B-I-A-dist1,lv1.253H-T-H-B-I-A-dist1,lv1.253H-T-H-B-I-A-dist1,lv1.253H-T-H-B-I-A-dist1,lv1.253H-T-H-B-I-A-dist1,lv1.253H-T-H-B-I-A-dist1,lv1.253H-T-H-B-I-A-dist1,lv1.253H-T-H-B-I-A-dist1,lv1.253H-T-H-B-I-A-dist1,lv1.253H-T-H-B-I-A-dist1,lv1.253H-T-H-B-I-A-dist1,lv1.253H-T-H-B-I-A-dist1,lv1.253H-T-H-B-I-A-dist1,lv1.253H-T-H-B-I-A-dist1,lv1.253H-T-H-B-I-A-dist1
planning_horizon,,2030,2030,2030,2030,2030,2030,2030,2030,2030,2030,2030,2030,2030,2030,2030,2030,2030,2030,2030
tyndp_scenario,,free,free,free,free,free,free,free,free,free,free,free,free,free,free,free,free,free,free,free
wiggle,,0,250,500,750,1000,1250,1500,1750,2000,2250,2500,2750,3000,3250,3500,3750,4000,4250,4500
component,carrier,,,,,,,,,,,,,,,,,,,
Generator,Offshore Wind (AC),465272124.09993,444202348.14518,420542155.00654,383955470.98879,355869033.92261,346466897.95911,324925470.14351,314120464.28085,282592006.21011,287802373.25507,265229621.35441,256973138.64526,232478584.69801,229631703.50871,234368402.26978,234508822.27024,233910053.50679,233820359.53669,226910973.06794
Generator,Offshore Wind (DC),847538455.89107,797633213.71629,747950263.95411,697876615.284,627292237.98491,561185132.27624,536844399.74772,492235045.98572,470549476.51853,444268604.61585,411743278.75001,372678041.34151,299036121.3213,207433466.26464,152551563.27281,124611897.92245,99256191.46215,78338807.8515,28520205.68326
Generator,Offshore Wind (Floating),1094.33822,1260.78048,1022.76545,1208.97011,1411.86559,1202.89191,1197.53348,1166.36342,1126.22335,1086.46315,965.66472,897.85671,937.42745,903.74626,968.04169,762.69092,762.55071,897.91037,873.31425
Generator,Onshore Wind,997259112.0989,950362542.59071,870474023.63884,824069033.00198,777108187.96972,684940506.41568,673176978.2399,638839933.04532,614318774.84419,609593999.57993,601304855.04184,594686729.12709,619356974.24865,649948292.32636,656641481.91415,639807094.0858,619828162.04569,602119529.51487,577407880.95812
Generator,Run of River,161231307.59371,161166880.26459,161225883.70017,161514154.21039,161649793.37691,161720101.62796,161871555.65788,162016035.49257,162078583.63313,162098714.85939,162117421.64342,162183511.23285,162247706.29787,162324479.09247,162377329.70048,162413585.72997,162444729.49959,162449886.12966,162467852.31949
Generator,Solar,150672715.46939,124363268.42393,128649848.12168,152155381.79552,130570415.29835,152672646.84814,134481484.57969,140850572.46295,153713304.71946,153510251.13657,142790184.25455,153775402.42758,152840167.7687,152824119.57317,154165987.93321,155312272.37874,154685703.72085,155281788.69484,155998525.78174
Generator,co2-ets,-1626871497.53285,-1600625982.95664,-1637790226.47569,-1683223533.40456,-1724752160.61742,-1753524933.14403,-1757767481.00359,-1802565196.6668,-1849104732.48008,-1897417142.54151,-1944042905.69882,-1991148461.62173,-2034097183.84236,-2071339049.78353,-2110237883.85134,-2156204700.43799,-2205411427.98365,-2255617370.1115,-2308436880.65601
Generator,coal,646122838.97564,523330511.96154,481660835.11131,472764692.52589,499468111.27068,438263400.04973,304665948.3702,297924515.68647,296446114.11401,297316431.68116,297428949.69854,297900209.29359,301861381.73494,305277757.97165,305508515.0965,304104587.81376,302433938.45974,302339825.44514,303143914.89081
Generator,forest residues,228387968.86672,228387969.79425,228387969.17925,228387970.06599,228387971.43478,228387968.48187,228387970.45172,228387968.76425,228387969.12295,228387967.39364,228387966.75906,228387966.41105,228387964.86654,228387963.62882,228387959.63724,228387961.2116,228387961.37943,228387958.32135,228387958.95936
Generator,gas,,250000001.547,500000000.98704,750000001.46972,1000000002.98192,1250000001.2887,1500000001.85135,1750000001.58911,2000000001.52338,2250000001.58379,2500000001.02075,2750000000.8941,3000000000.82485,3250000000.57207,3500000000.90774,3750000000.43533,4000000000.61651,4250000000.84174,4500000000.97984
Generator,industry wood,221622651.90146,221622653.37947,221622652.49788,221622653.15674,221622655.55143,221622652.58148,221622653.72093,221622653.10407,221622653.0363,221622652.83877,221622651.9395,221622651.8082,221622651.44778,221622651.00134,221622650.90772,221622650.58331,221622650.82413,221622650.85114,221622651.1452
Generator,landscape care,24668207.32107,24668208.92439,24668207.95929,24668208.69392,24668211.11558,24668208.29594,24668209.46023,24668208.81572,24668208.78906,24668208.56445,24668207.56033,24668207.33213,24668207.00946,24668206.66163,24668206.59405,24668206.10455,24668206.47513,24668206.47624,24668206.89595
Generator,lignite,124402610.24319,42825405.36567,41408174.97073,37443847.66616,951630.8917,60359.6433,3545.71782,47786.87302,46897.64139,17258.32042,56712.50765,125058.95776,82154.2355,171335.92277,191517.64007,130667.60675,86456.37816,75757.00483,180475.16114
Generator,manure and slurry,111573624.14876,111573625.77668,111573624.69439,111573625.36069,111573627.78283,111573624.63348,111573625.25676,111573622.87395,105906578.43137,14057.95721,4761.55216,3244.17454,2551.71217,1787.70892,2103.15557,1527.86421,1525.10661,1861.78817,1793.46572
Generator,municipal solid waste,54365832.23998,54365833.97096,54365832.91263,54365833.8224,54365836.69328,54365833.48515,54365834.51287,54365834.08411,54365833.91212,54365834.03112,54365832.96811,54365832.72557,54365832.61614,54365832.12618,54365832.64061,54365831.88203,54365832.18259,54365832.77512,54365833.08777
Generator,oil primary,5298823839.13964,5292081665.83023,5298675586.76164,5297653213.26383,5286089283.67623,5286060778.42765,5285661013.95288,5283202337.30214,5276177386.77953,5273974662.52448,5264344169.6342,5259462804.86604,5240919247.18958,5210464551.00212,5165457024.73151,5142993259.93657,5132135143.06225,5123784605.73865,5116711027.51626
Generator,rural heat vent,-9319.34927,-7981.61867,-7955.03659,-5316.33696,-5297.05487,-3812.57701,-3762.35931,-5592.53391,-4464.92099,-4449.47961,-4875.35515,-4414.73806,-3073.96597,-1871.26434,-1737.85065,-1069.86491,-875.00253,-732.72189,-455.21327
Generator,rural solar thermal,340.77326,440.00134,503.90155,511.72882,543.571,494.63996,486.4108,466.14589,465.51246,439.01145,451.47653,420.15773,445.62826,469.86513,551.74363,453.74521,449.51933,512.04714,565.50421
Generator,sewage sludge,3050468.27154,3050469.86727,3050468.81773,3050469.49836,3050472.11168,3050468.98523,3050469.8609,3050467.4127,8219.41873,5994.81183,3557.15845,2342.44246,1976.89391,1390.85454,1580.53131,1061.02666,1194.81663,1309.22909,1073.27163
Generator,solar-hsat,1349617965.87812,1264834382.30001,1173958371.32442,1147680402.90952,1141115971.7244,1098043739.80225,1084908836.72946,1019595527.65855,954860846.48865,911091513.34443,848937519.98091,810404983.70699,774992511.55491,741701925.10759,716001645.18675,686591483.0348,652440777.63786,611197244.38573,559994538.11632
Generator,solid biomass,301669284.1447,291740769.13393,270454354.39727,216647643.6559,183783708.95327,160902017.16577,117309127.79493,73089300.35256,42161563.62173,30279145.72079,24208094.62413,24250352.69704,24270957.60042,24269049.69597,24256082.21264,23843254.77253,23731755.43504,23499534.68577,23481287.13023
Generator,straw,100992652.31413,100992653.95068,100992652.8778,100992653.59105,100992656.12472,100992653.01071,100992653.82017,100992652.7562,100992651.85248,100992650.65606,100992642.44023,15415.28439,4974.27724,2831.69034,3317.49357,2432.54271,2290.41733,2648.73308,2416.31123
Generator,unsustainable biogas,130572136.80761,130572138.36585,130572137.41278,130572138.23148,130572140.81447,130572137.92657,130572138.85198,130572138.46691,130572138.31197,130572138.41933,130572137.46288,130572137.24468,130572137.1462,130572136.70534,130572137.16814,130572136.48553,130572136.75606,130572137.28918,130572137.57047
Generator,unsustainable bioliquids,126827773.51146,126827774.20823,126827773.78206,126827774.14814,126827775.30312,126827774.0118,126827774.4256,126827774.25342,126827774.18413,126827774.23214,126827773.80447,126827773.70689,126827773.66286,126827773.46573,126827773.67267,126827773.36744,126827773.48841,126827773.7268,126827773.85257
Generator,unsustainable solid biomass,796331253.98329,796331257.42277,796331255.36663,796331256.85866,796331262.70247,796331256.46089,796331258.43745,796331257.51438,796331257.20535,796331257.63479,796331255.45376,796331254.93239,796331254.72626,796331253.76298,796331254.73486,796331253.33981,796331253.88323,796331255.03243,796331255.62185
Generator,uranium,1915740707.22045,1915758459.24085,1915658229.25191,1916698917.48493,1917213637.1484,1917475615.97388,1917973721.29442,1918828604.1418,1919348056.71298,1919624188.61868,1920100085.56385,1920374848.70543,1920916703.78869,1921414643.67056,1921612370.33171,1921749104.47086,1922031967.06892,1922298127.00269,1922586937.38458
Generator,urban central heat vent,-55607316.28135,-46790582.42387,-36777693.8749,-23284761.59158,-30569596.18741,-29096197.75589,-28841874.95696,-22372145.89342,-17918213.07785,-15613657.2309,-8586953.40962,-7096705.61156,-4234425.50875,-3373560.64427,-2447794.89022,-1502182.57831,-636431.70377,-294144.62744,-325290.86699
Generator,urban central solar thermal,1078.99647,1370.15923,1370.22343,1911.87763,2455.35514,2106.80841,1993.40676,1978.96638,2059.94911,2334.64184,2214.23979,1790.42827,1667.64142,1408.32912,1548.46315,1207.90563,1249.09042,1692.23325,1535.12308
Generator,urban decentral heat vent,-567939.66864,-633129.69166,-396407.67421,-222425.78171,-159680.46275,-108960.03217,-98565.57392,-84686.07902,-73960.11369,-74590.85028,-64271.51737,-53201.45705,-21784.85175,-51514.22424,-69024.63278,-59003.56401,-46081.7235,-31107.21022,-27356.16534
Generator,urban decentral solar thermal,4229189.07152,6784178.56751,3226970.54051,1708219.96588,534289.06715,2301737.53832,608.02875,446.54748,405.21118,370.72204,310.32567,286.81163,287.62498,282.51187,295.37608,235.73284,229.40952,267.08724,264.112
Line,AC,-49543739.17027,-47827560.001,-48056685.87954,-46334667.33538,-45197050.33369,-43899899.2466,-41939161.71823,-39059755.33652,-36641583.9681,-35676502.17477,-33966069.14744,-32191580.18093,-29434691.0254,-26996343.73252,-26069665.99875,-25046822.77964,-24228990.2447,-23615542.76621,-22740488.69717
Link,BEV charger,-33483415.40909,-33483415.49543,-33483415.44262,-33483415.48798,-33483415.63109,-33483415.47109,-33483415.52236,-33483415.50103,-33483415.49244,-33483415.49839,-33483415.4454,-33483415.43331,-33483415.42785,-33483415.40343,-33483415.42907,-33483415.39125,-33483415.40624,-33483415.43577,-33483415.45136
Link,BOF,4227348.36027,4227346.30934,4227346.85766,4227343.95141,4227337.23916,4227339.19377,4227337.30092,4227334.74347,4227333.79785,4227330.89039,4227331.85123,4227332.22187,4227324.94011,4227325.09609,4227312.94165,4227314.54064,4227309.6105,4227278.64231,4227232.9951
Link,Combined-Cycle Gas,-749104.97063,-1287834.78709,-2316920.75923,-4185527.8165,-14708143.34031,-30121877.4294,-64802999.58967,-90219461.54471,-115894699.53075,-135227719.86551,-176472309.13669,-200425348.28193,-238503174.29128,-272402396.00462,-288016267.53877,-296648751.70763,-303202803.13837,-309385642.94129,-349985292.66223
Link,DC,-6046294.67455,-6001341.43315,-6126656.66512,-6114199.25385,-6095855.72061,-5992186.16196,-5956925.72918,-5682063.78041,-5798219.16112,-5758503.13138,-5825528.82041,-5797270.57394,-5810205.01204,-5619297.04631,-5493662.29602,-5248874.31711,-5086588.21955,-5123919.58739,-5067159.66129
Link,EAF,-78.97305,-104.88157,-97.95493,-134.66845,-219.46158,-194.76977,-218.6814,-250.98865,-262.93425,-299.66295,-287.52512,-282.84298,-374.83049,-372.86001,-526.40218,-506.20277,-568.48333,-959.69202,-1536.33485
Link,H2 DRI,-142.99176,-181.83035,-156.29302,-191.13905,-298.0213,-256.33706,-283.17944,-310.09593,-316.40575,-347.37012,-320.21768,-303.4177,-367.6344,-324.45409,-412.01641,-353.22569,-372.21823,-524.60114,-658.75471
Link,H2 Electrolysis,-228373299.79603,-165015584.99978,-99625281.5561,-84249537.74746,-55296543.1129,-3965978.69277,-2860.23631,-1035.14198,-837.45112,-752.26984,-630.44665,-542.78256,-546.2118,-515.64803,-551.09141,-438.94818,-437.18157,-534.10518,-543.25318
Link,HVC to air,-674613406.21038,-674381612.05725,-673512566.12082,-674612036.06547,-674611825.86105,-674612822.1513,-674613172.26089,-674613689.6503,-674613999.67995,-674614156.22643,-674614601.50362,-674614907.37834,-674614862.29508,-674615169.6018,-674615034.97688,-674615337.15426,-674615334.06641,-674615107.52597,-674615087.39184
Link,Haber-Bosch,-14321919.61119,-14321878.69167,-14321820.51169,-14321826.76681,-14321847.8554,-14321829.37975,-14321839.37645,-14321851.81952,-14321861.35189,-14321857.28497,-14321850.72356,-14321848.2347,-14321869.39436,-14321867.68484,-14321894.21772,-14321854.69398,-14321848.7378,-14321900.13711,-14321912.44382
Link,OCGT methanol,-125.76932,-157.11771,-135.86606,-152.10651,-177.41501,-162.8507,-183.5721,-203.15512,-221.49283,-217.04287,-211.97967,-210.99061,-244.08037,-265.11623,-282.84714,-236.25778,-242.05621,-299.74694,-313.71152
Link,Open-Cycle Gas,-135.59585,-216.66048,-219.2891,-475.00272,-121344.323,-284995.19655,-196270.63113,-193123.27348,-122738.46554,-33668.214,-15751.15956,-103110.11197,-319896.53602,-565518.96861,-484971.06268,-211143.99958,-190961.46118,-357433.29495,-1371281.14909
Link,SMR,-83857.58186,-9466.751,-216.16302,-2437.54314,-4416311.99432,-9864913.29055,-10285603.00482,-10285905.88826,-10285905.17643,-10285965.19794,-10285927.27671,-10285938.04816,-10285998.48578,-10285920.91292,-10286099.74084,-10285922.52484,-10285991.32081,-10286127.15417,-10286209.18356
Link,Sabatier,-15147928.28291,-1266.4466,-722.44222,-733.16267,-881.03647,-792.54887,-871.01234,-911.72695,-991.74329,-954.5632,-841.4042,-846.52016,-891.57232,-818.34538,-936.18772,-712.73638,-842.94309,-980.07044,-1145.78402
Link,agriculture machinery oil,13221063.95602,13221063.95602,13221063.95602,13221063.95602,13221063.95602,13221063.95602,13221063.95602,13221063.95602,13221063.95602,13221063.95602,13221063.95602,13221063.95602,13221063.95602,13221063.95602,13221063.95602,13221063.95602,13221063.95602,13221063.95602,13221063.95602
Link,ammonia cracker,-425.67751,-347.53512,-249.12131,-249.48626,-265.42356,-238.05366,-260.5171,-277.61212,-295.96349,-287.89536,-276.329,-272.53931,-305.62735,-319.78366,-351.68489,-289.96222,-288.44408,-365.39652,-383.65321
Link,battery charger,-4428024.36495,-3871767.18727,-3585089.67071,-3418130.61012,-3232307.90123,-3176524.05291,-2760831.60458,-2178595.95248,-1648961.51063,-1051052.46468,-143983.34448,-591.14788,-542.77132,-483.06648,-562.2126,-438.43343,-423.09085,-529.57592,-568.34739
Link,battery discharger,-4338560.10536,-3793541.6053,-3512656.15058,-3349070.3482,-3167002.02106,-3112345.23466,-2705051.47961,-2134579.37637,-1615645.72323,-1029816.89324,-141074.29063,-579.20464,-531.80547,-473.3068,-550.85396,-429.57544,-414.54293,-518.87671,-556.86487
Link,biogas to gas,-68545397.86892,-68545398.16047,-68545397.9362,-68545397.9917,-68545398.37851,-68545397.76246,-68545397.82116,-68545396.81972,-66820956.80504,-45853796.99588,-45851472.43729,-25857440.59984,-25855163.83665,-25854472.48578,-25854668.49003,-25854276.79399,-25854274.48112,-25854434.51477,-25854328.12674
Link,biomass to liquid,-2842.15959,-12431906.16789,-1600455.13092,-4785.42872,-19558787.46775,-19754939.77889,-20755345.75516,-25116102.38115,-36805213.88931,-40052845.72036,-51869644.36767,-59688488.97789,-92242119.12471,-146126169.86023,-225780971.52272,-265442391.43591,-284556427.69802,-299339853.67701,-311897782.00226
Link,biomass-to-methanol,-11747924.42252,-3156630.64277,-12116827.44351,-18939584.04068,-15665.9621,-2340.4918,-1364.81951,-1075.71503,-987.39911,-916.53447,-683.67006,-613.50907,-642.71728,-584.71841,-610.52811,-485.68356,-544.47239,-636.95617,-626.47434
Link,coal,-110691502.77886,-72883763.12929,-60053664.85809,-57314567.83337,-65536608.84514,-46691661.25984,-5557022.35092,-3481357.4712,-3026165.85161,-3294161.91832,-3328797.85895,-3473895.4646,-4693603.79287,-5745504.67948,-5816660.51231,-5384377.39462,-4870027.3388,-4841319.28955,-5089295.44959
Link,coal for industry,56197217.08474,56197217.08474,56197217.08474,56197217.08474,56197217.08474,56197217.08474,56197217.08474,56197217.08474,56197217.08474,56197217.08474,56197217.08474,56197217.08474,56197217.08474,56197217.08474,56197217.08474,56197217.08474,56197217.08474,56197217.08474,56197217.08474
Link,electricity distribution grid,-125225133.53113,-122122737.79374,-120554549.66532,-117543954.91314,-115434719.84703,-114984440.41661,-113848943.73731,-111227930.18359,-109343831.61685,-108762899.97305,-107904558.10097,-107369690.89081,-106987047.05296,-106693546.72575,-106493614.41383,-106401243.47221,-106354540.66747,-106365478.58136,-106252771.88318
Link,gas DRI,-69.96768,-98.33212,-99.16251,-150.14585,-253.08647,-227.87609,-258.93199,-305.27125,-324.50006,-377.31038,-369.05149,-369.61125,-509.34372,-530.20678,-775.16283,-769.83801,-878.78904,-1543.32961,-2574.76868
Link,gas for industry,22061271.12095,22061271.12095,22061271.12095,22061271.12095,22061271.12095,22061271.12095,22061271.12095,22061271.12095,22061271.12095,22061271.12095,22061271.12095,22061271.12095,22061271.12095,22061271.12095,22061271.12095,22061271.12095,22061271.12095,22061271.12095,22061271.12095
Link,gas pipeline,-1311040.86537,-504437.57733,-583835.41285,-771995.13699,-872511.38833,-909274.62805,-1187889.0482,-1382422.4895,-1618366.01276,-1756164.93195,-1910593.8399,-2186843.89079,-2483513.34771,-2764124.88664,-2747010.52933,-2871201.64265,-3381343.67021,-3732770.76382,-4141617.65761
Link,heat100-200 industry electric boiler steam,-15.60809,-21.22065,-17.45403,-23.75206,-33.38337,-25.24018,-22.70648,-27.76154,-23.86867,-27.46759,-23.30951,-23.6683,-26.67357,-19.68865,-30.14726,-20.8923,-23.92966,-31.77881,-35.15143
Link,heat100-200 industry gas,29.40786,82.92723,120.31296,280.45962,507.0845,477.19794,485.49471,702.63788,683.53504,723.58824,4549.6703,89404.06178,220534.31907,306193.25796,4343761.03308,17777455.93824,31518783.72775,50087450.30949,52485565.92117
Link,heat100-200 industry industrial heat pump high temperature,251528534.13391,251700174.73445,250994579.41652,249717968.02519,248294672.49388,248063358.51698,247040569.35228,244240098.91008,241975245.35862,238253148.66113,236982405.68498,234792515.07114,237337431.27471,248771584.50119,229927021.89652,169745489.69613,102641817.99253,11961684.54277,253283.88898
Link,heat100-200 industry solid biomass,-927319.7288,-895640.43005,-1025402.2032,-1259932.14988,-1521334.47742,-1563996.83916,-1752096.84062,-2266807.35428,-2683347.01896,-3367708.45609,-3597995.51573,-3924482.25473,-3338716.26074,-1159299.53855,-998692.46556,-1907.66499,-1602.91682,-1676.94659,-1142.09898
Link,heat200-500 industry gas,43.76539,62.37162,66.06627,131.14273,240.12856,219.62097,57560.18637,1720276.40105,5464371.35118,5465508.49139,5468808.417,5471045.64789,7160159.01451,11505845.06953,19934323.23552,22146413.65326,22904513.62729,22905022.09467,22905757.99642
Link,heat<100 industry electric boiler steam,-15.92111,-21.30689,-17.59925,-24.02242,-34.14367,-25.24874,-22.08848,-27.62333,-23.13802,-27.10042,-22.95308,-23.38917,-26.40357,-19.33738,-30.38215,-20.52046,-24.5659,-31.54609,-34.13762
Link,heat<100 industry gas,28.26872,124.34328,219.83021,462.43616,661.63263,611.51685,681.14468,876.6566,1824.70988,8697.30331,95514.57021,129617.64299,190609.96266,1974068.1004,13087924.0995,22177824.20493,34301699.90451,41610235.6787,42071740.73619
Link,heat<100 industry industrial heat pump medium temperature,179646899.44335,179344348.20725,177026657.75378,174431813.18226,174303540.45226,174054247.53376,172505348.37012,167511874.93022,164311578.01185,163621908.31361,161976884.84319,161383904.33127,156164334.98833,142813640.63898,120686879.8878,85741456.34813,35616916.22258,2184119.90865,75547.77403
Link,heat<100 industry solid biomass,-2532060.44667,-2591298.45615,-3046217.94975,-3555286.09945,-3580162.75075,-3629252.93018,-3933275.88962,-4913245.2217,-5540663.04353,-5669824.25948,-5914829.41317,-6000600.92958,-6970387.95093,-7989656.1137,-2352749.16937,-1049895.17206,-2006.56082,-1682.1399,-1129.55489
Link,heat>500 industry gas,17563472.15277,34757224.17316,57379793.60258,61486370.80271,61486214.72921,61486370.87797,61486405.51513,61486254.3888,61486360.99978,61486269.87101,61486378.0548,61486393.42712,61486324.1123,61486487.99929,61486235.8102,61486477.34199,61486389.90246,61486226.20182,61486123.42869
Link,home battery charger,-2377.65043,-1118.83703,-1861.64121,-3434.34537,-4137.5786,-4359.11547,-5842.46046,-17758.66327,-20427.98598,-19866.38058,-11344.07746,-2747.99618,-1128.49814,-813.94816,-660.47226,-483.2291,-463.556,-540.38265,-563.73366
Link,home battery discharger,-2329.61248,-1096.23281,-1824.02898,-3364.95833,-4053.98422,-4271.04417,-5724.41985,-17399.86629,-20015.25769,-19464.99907,-11114.88114,-2692.47588,-1105.6983,-797.50339,-647.12848,-473.46614,-454.1906,-529.46522,-552.34451
Link,kerosene for aviation,191258483.68987,191258483.68987,191258483.68987,191258483.68987,191258483.68987,191258483.68987,191258483.68987,191258483.68987,191258483.68987,191258483.68987,191258483.68987,191258483.68987,191258483.68987,191258483.68987,191258483.68987,191258483.68987,191258483.68987,191258483.68987,191258483.68987
Link,land transport oil,649471568.77898,649471568.77898,649471568.77898,649471568.77898,649471568.77898,649471568.77898,649471568.77898,649471568.77898,649471568.77898,649471568.77898,649471568.77898,649471568.77898,649471568.77898,649471568.77898,649471568.77898,649471568.77898,649471568.77898,649471568.77898,649471568.77898
Link,lignite,-32730326.75498,-11267364.15171,-10894490.8348,-9851476.32097,-250374.08761,-15880.62215,-932.87836,-12572.72629,-12338.76945,-4540.6641,-14921.06076,-32903.01179,-21614.77936,-45078.48128,-50388.2911,-34378.64734,-22746.67309,-19931.66797,-47483.0149
Link,methanolisation,-39316607.68678,-45434402.04337,-39053937.40452,-34195584.99975,-47671086.01777,-47680543.65152,-47681276.43374,-47681519.32315,-47681616.10172,-47681659.59247,-47681813.1423,-47681862.49209,-47681903.07967,-47681981.71279,-47681998.51685,-47681998.88502,-47681968.15609,-47682012.51709,-47682046.16636
Link,municipal solid waste,-13977455.4689,-13977455.91393,-13977455.64184,-13977455.87574,-13977456.61384,-13977455.78903,-13977456.05326,-13977455.94302,-13977455.89881,-13977455.9294,-13977455.6561,-13977455.59374,-13977455.56561,-13977455.43964,-13977455.5719,-13977455.37687,-13977455.45414,-13977455.60648,-13977455.68687
Link,nuclear,-1291209236.81137,-1291221201.89586,-1291153646.74413,-1291855070.73606,-1292201992.15292,-1292378565.47463,-1292714288.58776,-1293290479.57538,-1293640590.58605,-1293826703.50074,-1294147457.90904,-1294332648.24004,-1294697858.55189,-1295033469.97057,-1295166737.80371,-1295258896.51768,-1295449545.94761,-1295628937.81809,-1295823596.04602
Link,oil,-612.7691,-936.6133,-36717.69871,-513.65172,-514.6038,-432.4379,-433.09544,-412.57482,-409.26145,-386.38635,-350.68601,-331.38378,-348.42006,-352.50599,-374.13177,-299.95989,-298.86056,-353.84102,-357.71277
Link,oil refining,-199044928.00957,-198791665.12675,-199039359.05977,-199000954.6392,-198566567.38607,-198565496.61541,-198550479.86952,-198458122.18189,-198194237.06068,-198111493.96446,-197749734.29434,-197566370.79173,-196869800.90853,-195725801.22215,-194035139.27557,-193191310.79926,-192783436.68282,-192469757.2417,-192204045.47042
Link,rural air heat pump,2601.13874,2762.95803,2548.77142,3012.5946,3154.2427,2982.23029,2978.7081,2985.64512,3038.49032,2835.45978,2644.59686,2498.67942,2642.62231,2549.15301,2701.0985,2204.07321,2051.37295,2570.38206,2581.26454
Link,rural biomass boiler,-29096018.25551,-29103536.47087,-29109308.02089,-29098240.98844,-29117037.35735,-29072480.99004,-28195116.76387,-27061586.22254,-26091585.07425,-26090189.73899,-26088809.24553,-26096061.26681,-26094826.14852,-26098267.57298,-26083810.72876,-26057126.88042,-26051737.00642,-26040399.34588,-26041463.40307
Link,rural gas boiler,225092.06451,1589267.72453,9246002.07711,31894733.22047,35629173.81815,39496017.43674,42116502.61614,46425201.66047,50267649.05617,53686556.51091,55294516.05009,55840532.18576,56402990.45589,56852031.84789,57096607.87501,57242680.17182,57362511.5597,57545498.94515,57783638.46577
Link,rural ground heat pump,343009073.82508,324316597.638,262712613.39947,165550224.80632,160778083.29547,146850200.75784,140700847.89553,140588297.13763,134488253.19908,120856541.39829,116463829.56231,115950709.21721,107718653.6749,104015096.91465,105352897.28523,104761847.15803,103645202.87245,101478005.73335,99936812.45134
Link,rural oil boiler,27550951.05265,27559870.89029,27579513.82009,27478885.54347,27456016.04598,27461293.57512,27469403.02775,27461953.21828,27427320.13506,27416033.84397,27303701.31892,27275308.63065,27261958.56062,27259819.78222,27257100.53443,27253452.58314,27250815.74189,27249792.1794,27249972.85869
Link,rural resistive heater,-1469027.27574,-3522605.05995,-8374865.21583,-9440365.47607,-7868463.65938,-7607700.78759,-7530258.20532,-5653022.79063,-4903006.52203,-4888306.0529,-4612710.53213,-4359571.40708,-5269894.3453,-5558792.80443,-5208962.97932,-5224681.12971,-5325852.09381,-5547849.87626,-5639181.77409
Link,shipping methanol,18711206.48989,18711206.48989,18711206.48989,18711206.48989,18711206.48989,18711206.48989,18711206.48989,18711206.48989,18711206.48989,18711206.48989,18711206.48989,18711206.48989,18711206.48989,18711206.48989,18711206.48989,18711206.48989,18711206.48989,18711206.48989,18711206.48989
Link,shipping oil,126403957.05047,126403957.05047,126403957.05047,126403957.05047,126403957.05047,126403957.05047,126403957.05047,126403957.05047,126403957.05047,126403957.05047,126403957.05047,126403957.05047,126403957.05047,126403957.05047,126403957.05047,126403957.05047,126403957.05047,126403957.05047,126403957.05047
Link,solid biomass import,63.99354,107.86306,82.57144,106.72124,115.89104,99.005,96.93286,88.59165,84.93317,79.44217,69.05959,63.69723,67.11928,66.24214,69.51778,53.70723,56.33578,66.98128,67.96588
Link,unsustainable bioliquids,-32607420.5698,-32607420.74894,-32607420.63937,-32607420.73349,-32607421.03043,-32607420.69843,-32607420.80482,-32607420.76055,-32607420.74274,-32607420.75508,-32607420.64513,-32607420.62004,-32607420.60872,-32607420.55804,-32607420.61124,-32607420.53277,-32607420.56387,-32607420.62516,-32607420.6575
Link,urban central air heat pump,46368101.08717,53490098.42464,64662299.49442,88081613.34079,97864631.9459,105389658.02687,107633914.76733,96896930.05036,79389350.96639,71104217.56681,54548668.54794,41222703.32708,22594505.56605,11216140.83239,8335188.09294,7225904.32581,7200760.676,9738050.90155,8353767.85689
Link,urban central gas CHP,7.88751,12.65126,13.41079,25.6026,62.90211,68.33936,358.52439,3677.12799,7171.66053,7784.89108,8516.2492,8187.42682,11896.36523,105570.70655,95858.29335,162168.34884,225586.30312,340005.6082,989365.1926
Link,urban central gas boiler,2625344.67617,4188140.88762,6922935.17841,10847944.92453,15345362.70582,18418828.7762,24605808.87529,36742587.67086,47599425.82594,53599322.26759,63024052.32278,70296041.78621,83995022.82928,95531130.87155,99414293.16125,103857924.052,106030956.50811,108611468.09557,109326793.77697
Link,urban central resistive heater,-417618.36254,-370148.60642,-316201.65159,-275528.60082,-251878.81805,-246627.6595,-234132.583,-185405.10801,-133178.29264,-126428.56208,-106209.52938,-93208.29571,-68769.97997,-53990.71673,-48298.22586,-40139.31237,-33726.29904,-27610.49189,-12695.33247
Link,urban central solid biomass CHP,44487419.44701,44952480.41336,43170225.64625,37275561.0556,33684986.6908,31878566.0375,28556920.99864,23659553.28658,21143716.98519,19122567.8751,16551152.30695,14783346.90982,10103114.30317,4451568.16465,3214079.8006,1790798.17442,1406962.89885,280133.30504,958.53376
Link,urban central solid biomass CHP CC,4282173.77986,3376768.99163,2876163.29914,2432718.29986,3155989.60049,3121585.79448,3159213.53554,3457703.42854,3565212.77428,3712885.14628,3786800.50457,4003864.44902,4510900.59038,5429678.86769,5283820.52928,4834652.6113,4330238.1922,3856842.73077,3066266.35195
Link,urban decentral air heat pump,149341592.80772,140136522.52038,135558412.22361,133457386.01178,129455481.51412,124272953.18919,121409118.43665,121405238.83108,121407368.31699,121406206.2196,121404519.99185,121404330.60604,121399190.17578,121386816.32447,121381861.37928,121383254.6977,121386472.83178,121385310.42408,121373982.39636
Link,urban decentral biomass boiler,-41838894.82627,-41850394.70038,-41862752.4964,-41833108.78105,-41367605.64436,-40824988.90467,-39646731.68552,-39499539.5433,-38623182.82106,-37905941.33935,-37764097.35686,-37768974.37204,-37735280.03009,-37736759.02344,-37710566.14502,-37681488.85382,-37675844.70765,-37659107.31388,-37660854.94026
Link,urban decentral gas boiler,29576395.90065,49248038.03761,62922135.18204,76637583.62554,86840278.27162,89649934.47492,97297656.04498,106505028.38349,113536197.73087,115802993.15053,118446112.32899,119577448.4708,120815605.02776,121513943.184,121831076.65973,122098244.8467,122329662.50965,122565796.25482,122879963.98029
Link,urban decentral oil boiler,49565476.56981,49597110.79557,49634857.22417,49463139.15248,49407298.104,49414314.08378,49430794.70043,49438628.89733,49409476.83505,49365618.75987,49036294.81257,48994825.80623,48982756.04638,48978526.24767,48973693.32361,48965592.20813,48957757.65536,48957743.20573,48959661.44068
Link,urban decentral resistive heater,-68292044.66297,-57590457.50699,-50376170.2273,-42639823.80688,-37624056.96946,-37034780.73701,-33940819.11735,-28403012.74999,-24717014.77331,-23848081.69953,-22536873.01937,-21866777.30732,-21137766.83965,-20718454.40306,-20548509.40576,-20408797.49367,-20273939.37361,-20139503.53648,-19947122.26828
Link,waste CHP,1003.14401,71859.39451,337523.50564,1419.63892,1471.76363,1175.06641,1071.13597,912.57113,820.02005,770.06184,637.01825,544.85505,557.28999,466.59165,504.66137,414.92577,415.18932,481.52903,486.38015
Load,H2 for industry,-3840.0,-3840.0,-3840.0,-3840.0,-3840.0,-3840.0,-3840.0,-3840.0,-3840.0,-3840.0,-3840.0,-3840.0,-3840.0,-3840.0,-3840.0,-3840.0,-3840.0,-3840.0,-3840.0
Load,NH3,-87300000.0,-87300000.0,-87300000.0,-87300000.0,-87300000.0,-87300000.0,-87300000.0,-87300000.0,-87300000.0,-87300000.0,-87300000.0,-87300000.0,-87300000.0,-87300000.0,-87300000.0,-87300000.0,-87300000.0,-87300000.0,-87300000.0
Load,agriculture electricity,-37525883.79874,-37525883.79874,-37525883.79874,-37525883.79874,-37525883.79874,-37525883.79874,-37525883.79874,-37525883.79874,-37525883.79874,-37525883.79874,-37525883.79874,-37525883.79874,-37525883.79874,-37525883.79874,-37525883.79874,-37525883.79874,-37525883.79874,-37525883.79874,-37525883.79874
Load,agriculture heat,-214811742.63032,-214811742.63032,-214811742.63032,-214811742.63032,-214811742.63032,-214811742.63032,-214811742.63032,-214811742.63032,-214811742.63032,-214811742.63032,-214811742.63032,-214811742.63032,-214811742.63032,-214811742.63032,-214811742.63032,-214811742.63032,-214811742.63032,-214811742.63032,-214811742.63032
Load,agriculture machinery electric,-22038779.72332,-22038779.72332,-22038779.72332,-22038779.72332,-22038779.72332,-22038779.72332,-22038779.72332,-22038779.72332,-22038779.72332,-22038779.72332,-22038779.72332,-22038779.72332,-22038779.72332,-22038779.72332,-22038779.72332,-22038779.72332,-22038779.72332,-22038779.72332,-22038779.72332
Load,agriculture machinery oil,-51423819.35442,-51423819.35442,-51423819.35442,-51423819.35442,-51423819.35442,-51423819.35442,-51423819.35442,-51423819.35442,-51423819.35442,-51423819.35442,-51423819.35442,-51423819.35442,-51423819.35442,-51423819.35442,-51423819.35442,-51423819.35442,-51423819.35442,-51423819.35442,-51423819.35442
Load,coal for industry,-167203859.22261,-167203859.22261,-167203859.22261,-167203859.22261,-167203859.22261,-167203859.22261,-167203859.22261,-167203859.22261,-167203859.22261,-167203859.22261,-167203859.22261,-167203859.22261,-167203859.22261,-167203859.22261,-167203859.22261,-167203859.22261,-167203859.22261,-167203859.22261,-167203859.22261
Load,electricity,-1601392067.89318,-1601392067.89318,-1601392067.89318,-1601392067.89318,-1601392067.89318,-1601392067.89318,-1601392067.89318,-1601392067.89318,-1601392067.89318,-1601392067.89318,-1601392067.89318,-1601392067.89318,-1601392067.89318,-1601392067.89318,-1601392067.89318,-1601392067.89318,-1601392067.89318,-1601392067.89318,-1601392067.89318
Load,gas for industry,-111420561.21687,-111420561.21687,-111420561.21687,-111420561.21687,-111420561.21687,-111420561.21687,-111420561.21687,-111420561.21687,-111420561.21687,-111420561.21687,-111420561.21687,-111420561.21687,-111420561.21687,-111420561.21687,-111420561.21687,-111420561.21687,-111420561.21687,-111420561.21687,-111420561.21687
Load,heat100-200 industry,-381730000.0,-381730000.0,-381730000.0,-381730000.0,-381730000.0,-381730000.0,-381730000.0,-381730000.0,-381730000.0,-381730000.0,-381730000.0,-381730000.0,-381730000.0,-381730000.0,-381730000.0,-381730000.0,-381730000.0,-381730000.0,-381730000.0
Load,heat200-500 industry,-115700000.0,-115700000.0,-115700000.0,-115700000.0,-115700000.0,-115700000.0,-115700000.0,-115700000.0,-115700000.0,-115700000.0,-115700000.0,-115700000.0,-115700000.0,-115700000.0,-115700000.0,-115700000.0,-115700000.0,-115700000.0,-115700000.0
Load,heat<100 industry,-305810000.0,-305810000.0,-305810000.0,-305810000.0,-305810000.0,-305810000.0,-305810000.0,-305810000.0,-305810000.0,-305810000.0,-305810000.0,-305810000.0,-305810000.0,-305810000.0,-305810000.0,-305810000.0,-305810000.0,-305810000.0,-305810000.0
Load,heat>500 industry,-310540000.0,-310540000.0,-310540000.0,-310540000.0,-310540000.0,-310540000.0,-310540000.0,-310540000.0,-310540000.0,-310540000.0,-310540000.0,-310540000.0,-310540000.0,-310540000.0,-310540000.0,-310540000.0,-310540000.0,-310540000.0,-310540000.0
Load,industry electricity,-1048810000.0,-1048810000.0,-1048810000.0,-1048810000.0,-1048810000.0,-1048810000.0,-1048810000.0,-1048810000.0,-1048810000.0,-1048810000.0,-1048810000.0,-1048810000.0,-1048810000.0,-1048810000.0,-1048810000.0,-1048810000.0,-1048810000.0,-1048810000.0,-1048810000.0
Load,kerosene for aviation,-743906976.62384,-743906976.62384,-743906976.62384,-743906976.62384,-743906976.62384,-743906976.62384,-743906976.62384,-743906976.62384,-743906976.62384,-743906976.62384,-743906976.62384,-743906976.62384,-743906976.62384,-743906976.62384,-743906976.62384,-743906976.62384,-743906976.62384,-743906976.62384,-743906976.62384
Load,land transport EV,-301350738.14514,-301350738.14514,-301350738.14514,-301350738.14514,-301350738.14514,-301350738.14514,-301350738.14514,-301350738.14514,-301350738.14514,-301350738.14514,-301350738.14514,-301350738.14514,-301350738.14514,-301350738.14514,-301350738.14514,-301350738.14514,-301350738.14514,-301350738.14514,-301350738.14514
Load,land transport oil,-2526143791.43906,-2526143791.43906,-2526143791.43906,-2526143791.43906,-2526143791.43906,-2526143791.43906,-2526143791.43906,-2526143791.43906,-2526143791.43906,-2526143791.43906,-2526143791.43906,-2526143791.43906,-2526143791.43906,-2526143791.43906,-2526143791.43906,-2526143791.43906,-2526143791.43906,-2526143791.43906,-2526143791.43906
Load,naphtha for industry,-853719686.91558,-853719686.91558,-853719686.91558,-853719686.91558,-853719686.91558,-853719686.91558,-853719686.91558,-853719686.91558,-853719686.91558,-853719686.91558,-853719686.91558,-853719686.91558,-853719686.91558,-853719686.91558,-853719686.91558,-853719686.91558,-853719686.91558,-853719686.91558,-853719686.91558
Load,rural heat,-610898079.70233,-610898079.70233,-610898079.70233,-610898079.70233,-610898079.70233,-610898079.70233,-610898079.70233,-610898079.70233,-610898079.70233,-610898079.70233,-610898079.70233,-610898079.70233,-610898079.70233,-610898079.70233,-610898079.70233,-610898079.70233,-610898079.70233,-610898079.70233,-610898079.70233
Load,shipping methanol,-75445455.68786,-75445455.68786,-75445455.68786,-75445455.68786,-75445455.68786,-75445455.68786,-75445455.68786,-75445455.68786,-75445455.68786,-75445455.68786,-75445455.68786,-75445455.68786,-75445455.68786,-75445455.68786,-75445455.68786,-75445455.68786,-75445455.68786,-75445455.68786,-75445455.68786
Load,shipping oil,-491652886.23258,-491652886.23258,-491652886.23258,-491652886.23258,-491652886.23258,-491652886.23258,-491652886.23258,-491652886.23258,-491652886.23258,-491652886.23258,-491652886.23258,-491652886.23258,-491652886.23258,-491652886.23258,-491652886.23258,-491652886.23258,-491652886.23258,-491652886.23258,-491652886.23258
Load,solid biomass for industry,-346680000.0,-346680000.0,-346680000.0,-346680000.0,-346680000.0,-346680000.0,-346680000.0,-346680000.0,-346680000.0,-346680000.0,-346680000.0,-346680000.0,-346680000.0,-346680000.0,-346680000.0,-346680000.0,-346680000.0,-346680000.0,-346680000.0
Load,steel,-83506600.0,-83506600.0,-83506600.0,-83506600.0,-83506600.0,-83506600.0,-83506600.0,-83506600.0,-83506600.0,-83506600.0,-83506600.0,-83506600.0,-83506600.0,-83506600.0,-83506600.0,-83506600.0,-83506600.0,-83506600.0,-83506600.0
Load,urban central heat,-581358582.78462,-581358582.78462,-581358582.78462,-581358582.78462,-581358582.78462,-581358582.78462,-581358582.78462,-581358582.78462,-581358582.78462,-581358582.78462,-581358582.78462,-581358582.78462,-581358582.78462,-581358582.78462,-581358582.78462,-581358582.78462,-581358582.78462,-581358582.78462,-581358582.78462
Load,urban decentral heat,-1579131412.24264,-1579131412.24264,-1579131412.24264,-1579131412.24264,-1579131412.24264,-1579131412.24264,-1579131412.24264,-1579131412.24264,-1579131412.24264,-1579131412.24264,-1579131412.24264,-1579131412.24264,-1579131412.24264,-1579131412.24264,-1579131412.24264,-1579131412.24264,-1579131412.24264,-1579131412.24264,-1579131412.24264
StorageUnit,Pumped Hydro Storage,-32581926.212,-32123049.036,-31514021.7453,-31521691.31244,-31933191.63987,-31650027.0139,-30579245.42278,-29531130.41472,-28812994.36159,-28361534.11816,-26522475.85968,-24930140.36973,-22335625.84264,-19737660.32832,-18406458.3879,-16974644.00204,-15318059.645,-13469638.85622,-10963353.29276
StorageUnit,Reservoir & Dam,331339866.11819,331387980.12725,331397870.23947,331402928.60111,331414589.52857,331391091.36854,331428818.27226,331412081.24068,331430717.40052,331420153.14455,331433408.81949,331428177.51154,331437328.20415,331440736.13124,331440654.46806,331441393.4229,331441911.45441,331442094.193,331443281.59339
StorageUnit,rural heat vent,-2866493.43772,-3136348.63825,-2880518.89914,-2018148.65587,-1725941.9278,-1543334.23677,-1285552.81266,-946336.22738,-806415.67682,-702423.06496,-541006.01382,-443880.50272,-324299.24536,-252391.36696,-185057.45601,-133256.42771,-116936.87144,-67648.11467,-79933.77319
Store,Battery Storage,0.01323,0.03123,0.02161,0.03025,0.06067,0.02688,0.04059,0.03271,0.03054,0.0341,0.02261,0.01863,0.01769,0.01177,0.0179,0.00839,0.01262,0.01954,0.0213
Store,EV battery,-0.53668,-1.31369,-0.83845,-1.24669,-2.53468,-1.09465,-1.55607,-1.36409,-1.28683,-1.34037,-0.86344,-0.75462,-0.70552,-0.48569,-0.71647,-0.37609,-0.51098,-0.77682,-0.91708
Store,co2 sequestered,-3235008.74315,-2783768.36005,-2231870.88906,-1431339.16006,-558494.22125,-344801.70713,-574178.20326,-2396206.78121,-3052424.31402,-3953899.84788,-4405112.10887,-5730166.31804,-8825352.83519,-14434080.12766,-13543618.28678,-10801761.89563,-7722488.77502,-4832542.72679,-6339.79105
Store,home battery,0.01694,0.04333,0.02738,0.04094,0.08325,0.03563,0.0526,0.04327,0.04168,0.04406,0.02907,0.02446,0.0221,0.01574,0.02321,0.0123,0.01634,0.02568,0.0289
Store,non-sequestered HVC,853719686.91572,853719686.91572,853719686.91572,853719686.91572,853719686.91572,853719686.91572,853719686.91572,853719686.91572,853719686.91572,853719686.91572,853719686.91572,853719686.91572,853719686.91572,853719686.91572,853719686.91572,853719686.91572,853719686.91572,853719686.91572,853719686.91572
Store,solid biomass import,1743.7051,2937.98947,2249.53331,2907.02845,3153.69616,2697.00544,2639.28105,2412.32068,2312.75662,2162.87418,1880.99613,1735.04999,1828.49964,1805.15945,1893.87858,1463.61801,1534.94384,1824.54844,1851.02895
